18888	18891	69
18888	18889	72
18890	18898	71
18890	18891	71
18892	18895	68
18892	18893	69
18889	18894	69
18894	18895	67
14482	18897	68
18897	18898	69
9270	9271	3
9279	9280	3
28291	28292	12
28292	28304	12
24339	28298	4
28298	28299	13
28300	28301	12
28298	28301	12
28302	28303	12
28300	28303	12
28304	28305	12
28302	28305	12
35	36	8
18902	18903	2
43	19747	19
43	22663	5
44	5076	2
18904	18907	71
18904	18905	71
18906	18907	71
18925	24886	46
9294	9297	70
9294	9295	69
4264	9295	63
8434	9295	20
9296	9297	71
19169	27492	2
19176	19180	2
19176	19178	2
19179	27477	2
9308	19178	2
28359	28360	6
9328	9329	20
28392	28393	21
19446	28393	23
17258	17261	10
22039	22041	2
18982	19009	31
9365	9366	4
9366	9367	3
9367	9368	3
9368	31719	2
9369	9370	4
9370	19542	4
9372	19542	3
9365	9372	3
9369	9374	3
9376	23195	3
2257	28430	10
28437	28438	10
16132	19009	30
109	110	2
117	118	10
119	120	9
117	120	10
119	122	10
124	125	11
2656	9408	43
19029	19035	2
28447	28448	2
9410	9415	32
9411	9412	23
9413	9416	31
9419	9420	29
9411	9420	29
19064	19065	2
19072	24318	5
28	131	11
10898	19083	43
9444	9445	3
9445	16831	2
9448	9449	2
9449	9454	7
9450	9451	2
9448	9451	6
9452	9453	6
9444	9453	4
9454	9455	3
9452	9455	2
25	32	12
14710	28474	45
32	33	9
969	19085	2
28479	28480	6
5309	28481	6
28481	28482	6
28479	28482	6
28483	28486	6
17832	28488	2
17866	17880	2
32944	32947	2
148	149	2
17035	19113	3
9864	19114	27
19115	19116	13
19117	19120	9
19117	19118	9
9478	9479	13
9482	9485	2
32953	32954	5
9484	9485	2
32954	32955	6
32955	32956	4
32956	32957	6
9494	9495	12
10933	10940	11
32958	32959	7
10933	10934	13
9500	17168	5
9500	10387	5
9501	25853	53
9129	32960	6
9504	20216	2
9511	14054	2
10936	10941	10
10941	10942	14
27488	27492	2
19174	24573	21
1551	1552	2
20550	20771	12
222	223	3
227	1585	3
29800	29803	27
19195	19196	3
19196	19197	3
19197	19198	4
19198	19199	2
19202	19203	4
19203	31757	2
9550	9556	3
29201	32277	38
9571	14688	4
9570	9571	61
19221	29302	17
28655	28656	69
28656	28657	70
28657	28658	71
28659	28661	71
28660	28663	73
28660	28661	71
28662	28665	71
28662	28663	67
28664	29078	71
28664	28665	68
9574	20830	2
20821	20827	2
28666	28669	70
28666	28667	70
4264	28667	43
28668	28671	71
20832	20837	2
12519	12520	13
12520	12521	13
31361	31362	10
291	292	2
12523	12524	12
12524	12525	15
299	300	14
300	307	16
12525	12526	11
301	302	14
302	24124	15
303	304	13
301	304	14
305	306	15
303	306	12
307	308	13
305	308	14
20516	28690	49
4264	9620	74
9620	9622	70
9621	9624	73
9621	9622	69
9623	23839	69
9623	9624	72
19241	19248	2
9626	14341	2
21112	21113	3
14374	21119	3
21145	28890	8
9639	21148	11
9641	21148	11
9641	21142	11
9643	9644	4
15101	15102	9
28722	28725	2
28722	28723	2
28724	28725	2
19258	19259	9
19259	19267	4
19260	19261	5
19258	19261	6
19262	19263	5
19260	19263	6
19264	19265	6
19262	19265	6
19267	19268	5
14884	19268	5
623	626	4
626	639	4
644	22416	3
9667	9670	5
28745	28746	4
19292	33191	2
5579	5585	12
689	13284	3
623	689	3
2434	16712	6
2434	2436	7
2436	31504	7
21400	26640	2
9679	16859	5
34723	34724	24
28770	28771	5
28771	28776	5
21457	28772	6
21457	28774	7
28774	28775	6
28776	28777	6
28777	28778	5
28778	28779	3
28772	28779	5
2508	32727	2
380	381	15
382	383	14
383	384	13
385	2520	13
387	2520	15
387	388	12
36025	36026	2
9695	23902	71
28804	28805	21
28806	28807	22
28812	28813	22
26769	26770	6
2617	2618	2
2618	2625	2
2617	2621	4
28825	28826	11
28826	36149	9
2625	26586	4
2622	26586	4
28827	28828	14
28829	28830	10
28831	28832	3
28833	28834	11
28827	28834	11
8937	19357	9
15573	19361	21
28324	28346	6
19365	19366	2
19367	19368	3
395	396	3
27659	34740	6
7010	34740	10
7990	34740	24
4188	19383	28
19383	19384	28
19384	19385	31
19385	19386	28
19386	19387	32
19387	19388	29
19388	19389	30
19390	19391	31
6553	19392	25
19391	19392	15
19413	19416	33
19413	19414	33
19415	19418	32
19415	19416	31
19417	32143	32
19417	19418	30
19423	32753	13
7677	19423	14
17372	28952	9
19440	19441	20
19442	19443	23
19440	19443	21
19444	19445	21
19442	19445	23
6385	6386	5
4107	9771	2
8063	9779	3
17366	28950	9
11707	26789	42
461	462	2
26787	26788	43
20657	33551	3
19512	19513	3
4464	26788	41
4739	26788	13
11761	26789	45
9810	16389	4
19519	19520	24
19520	19521	26
19521	19522	21
11211	19522	31
28970	28971	2
19538	33735	2
507	28879	6
31409	31410	68
12910	12911	12
33036	33037	23
509	28879	6
513	24269	6
9837	9840	2
9838	9839	2
518	519	2
23746	28981	2
23747	23748	2
4564	28986	5
23752	28986	28
28986	28987	33
25155	28993	36
23752	28993	32
548	549	22
19553	19554	12
5580	19554	12
552	553	21
550	553	10
553	18346	4
554	555	25
548	555	21
556	557	22
554	557	20
29014	29017	6
29014	29015	3
29016	29019	3
29016	29017	5
9864	21247	9
29018	29019	3
9867	9869	11
9868	9871	11
9868	9869	13
29015	29027	2
9878	22799	6
9874	9875	6
9883	9884	9
9874	9884	7
9887	14216	11
9888	9889	5
3971	19559	3
19563	19566	3
9903	9904	12
9904	9905	13
9905	9906	14
9906	9907	11
9907	9908	11
9908	9909	12
9909	9910	11
9910	33775	14
14124	14125	3
588	589	33
9913	9914	13
588	591	23
13646	13658	2
9919	16986	44
6347	9925	16
19574	19575	10
19576	19577	10
19574	19577	9
9936	15488	2
19578	19579	9
610	611	11
614	615	9
616	617	8
614	617	10
618	619	10
612	619	9
19580	19587	69
19580	19581	70
19581	19582	71
19582	19583	71
19583	19592	11
15781	19584	68
19584	19585	70
19585	19586	69
19586	19587	69
19592	19593	73
29043	33999	6
29047	29056	44
13138	29047	43
3940	6902	2
29049	29050	41
29050	29051	43
29051	29052	41
29052	29053	42
29053	29054	43
29054	29055	42
29055	29056	42
35266	35269	2
9967	9968	3
9968	9969	4
2421	9969	3
2421	9971	4
9971	9972	5
9972	9973	2
9973	9974	3
9974	9975	3
9975	23175	2
23175	33826	3
4264	27163	3
28429	28430	11
6689	6690	4
29058	29059	6
28431	28432	11
28429	28432	9
29061	29062	8
29062	29063	7
29063	29064	6
29064	29065	6
29065	29066	5
28433	28434	10
29067	29068	6
29058	29068	6
29069	29070	71
29070	29071	71
29071	29072	72
19630	19631	8
19631	19632	8
19632	19633	6
19629	19633	6
28435	28436	11
31449	31450	71
29072	29077	72
29077	29078	70
28433	28436	9
28435	28438	9
29085	29086	2
19634	19635	2
10683	19640	32
675	676	2
10021	35554	27
10021	14785	8
8610	10022	17
683	727	47
18	10023	5
29110	29111	12
29112	29113	10
29110	29113	11
9419	10026	30
10026	10027	29
19666	31420	73
19666	19667	69
19667	19668	71
19668	19669	69
19669	19670	70
19670	19671	70
19671	19672	68
19672	19673	68
19673	19674	70
19674	19675	70
19680	19681	3
8728	9028	12
2783	12554	3
29139	29140	3
23542	29140	3
23542	23543	3
23543	23544	3
23544	23545	2
23545	23546	3
23546	23547	3
23547	23548	3
23548	35948	4
23389	23549	45
1705	34641	2
3651	10074	14
10074	10075	13
10075	10076	12
10076	10077	13
10078	10079	17
10079	10080	12
10080	10081	15
10081	10082	13
718	719	4
4898	4904	32
4997	15888	2
4997	5012	2
11081	29173	51
739	24562	9
741	13465	6
742	24567	5
736	743	5
12655	12662	9
4264	10118	2
8434	10118	16
750	30601	2
10118	10120	72
26849	26850	2
26850	26851	2
12655	14514	9
9409	9410	29
9415	9416	28
19739	19740	13
19740	19741	13
12329	19742	5
19742	33592	15
19747	19748	11
10142	10143	6
10143	15400	7
29202	29203	2
29204	29205	2
10148	10149	6
10146	10149	8
29203	29206	2
10148	24077	7
815	816	2
828	25195	4
5877	14520	8
12665	14520	11
19759	30521	21
5345	19764	3
19764	19765	3
34789	34790	2
6996	19769	2
29230	29231	33
10174	10177	22
10174	10175	18
10176	34054	21
10176	10177	20
29237	29238	2
11037	29238	3
5453	10188	6
870	871	3
877	878	9
878	879	9
879	880	10
880	5276	10
29248	29249	5
29249	29250	6
29250	29251	5
19821	19832	6
19822	19823	7
19825	19826	8
19826	19827	7
37	19831	6
19831	19832	5
10213	10220	2
29254	29255	40
19836	19837	2
29254	29257	33
29257	30158	28
29258	29259	36
24568	29259	40
4504	29260	32
29260	29261	39
29258	29261	39
29264	29265	39
16950	29265	40
23017	29454	6
9809	32238	32
28081	32238	3
6718	32238	8
29454	29562	5
5690	20738	7
5694	5695	6
19853	19854	2
899	900	20
899	5235	3
19856	19857	2
901	902	22
899	902	22
19859	19860	2
19861	19862	2
19855	19862	2
10235	10236	6
10236	24656	5
909	5729	21
5729	12750	21
5729	27241	17
17819	19864	2
19871	19878	13
19871	19872	12
19872	19873	15
19873	19874	14
19875	19876	13
19877	19878	13
10248	10249	2
19881	26738	11
19882	19883	11
19883	19884	11
19884	19885	11
19885	19886	14
19886	19887	11
19887	19888	12
19888	19889	13
10251	31398	20
23817	29275	4
15573	29277	36
7629	10262	18
10262	29531	44
10267	33036	33
19919	19920	8
19920	19923	7
6007	19922	7
19922	19927	9
19923	19924	8
6007	19924	7
6011	6012	7
6012	35194	7
6014	19927	8
6011	6014	7
10278	10285	71
10279	10280	70
10281	10282	70
10279	10282	73
10283	10284	71
10281	10284	68
10285	10286	70
10283	10286	69
3349	19940	17
3351	19940	19
4264	12586	72
19087	36303	2
3353	3354	21
3354	3355	20
3355	3356	19
19091	19094	4
982	1187	2
19373	29302	22
15813	15814	22
19093	19094	2
19962	19963	13
19963	19976	14
19970	19971	15
12336	19971	16
19972	19973	14
19970	19973	13
19974	19975	11
19972	19975	14
19974	19977	12
6194	19979	4
5970	19979	3
6200	19980	3
17038	19981	50
6203	6205	4
6205	19982	3
19986	19987	3
3357	25332	21
19993	19996	2
29338	29339	9
29338	29341	10
29342	29343	11
29340	29343	9
29344	29345	10
29342	29345	8
29346	29347	11
29344	29347	9
14116	14117	2
29353	29354	2
17444	17447	11
17444	17445	8
19981	25317	20
29374	35096	2
20039	20042	2
1065	1066	5
1066	1067	7
20048	20049	2
20049	20050	2
20050	20051	2
1069	29445	5
20053	20054	2
20054	20055	2
20055	20056	2
20741	20742	12
5200	20061	18
29396	29403	5
29398	29399	2
25498	29400	5
29400	29401	4
29402	29403	4
1081	1082	3
1079	1082	4
29405	33233	2
25498	29405	6
10369	27852	4
1108	9287	3
20093	30123	6
20116	20117	2
20119	20120	2
20120	20121	2
23195	29646	5
1136	1137	41
1137	1142	42
1138	1139	40
1136	1139	41
1140	1141	37
1141	1144	38
1142	1143	40
1140	1143	40
29930	29931	14
1144	1145	42
1145	4242	38
23860	23863	8
4188	17499	47
10414	33918	4
7964	10414	2
29434	29936	15
20146	33328	14
20148	20149	10
10429	25877	2
10438	10443	12
10438	10439	11
10440	10447	16
10440	10441	12
10441	10442	10
10444	20750	13
10444	10445	10
10445	10446	14
10446	10447	14
20162	20163	7
20163	20164	7
20164	20165	6
20165	20173	7
7064	7065	6
7065	12486	8
20162	20169	6
20173	20174	6
20550	29444	9
4548	29445	2
4187	29445	4
25862	29445	3
11260	29445	4
29445	31262	4
20184	26934	4
1179	1180	2
20754	20757	2
20191	20192	30
34845	34846	12
20192	20193	31
34846	34847	15
24535	24537	2
10475	10476	5
22378	22379	31
34848	34849	14
34849	34850	12
29455	29456	13
29456	29457	11
29457	29458	14
25308	29458	14
29459	29460	12
2271	29459	6
29460	29461	11
29455	29461	12
20200	24571	4
10934	34851	12
4264	37353	38
10491	10492	9
10493	10494	69
10494	26138	72
10495	10498	7
10495	10496	10
10497	10498	7
10501	26151	70
12451	26151	69
20217	31815	15
9060	16923	13
9060	20862	2
10514	10515	13
10516	10519	15
10516	10517	12
10515	10518	17
10518	10519	14
10520	10523	11
10517	10522	14
10522	10523	14
27116	27117	2
10527	10528	21
10527	10530	21
20230	20235	20
20230	20231	20
20232	20239	20
20232	20233	23
20233	20234	21
20234	20235	20
6147	20236	23
20236	20237	24
20237	20238	22
20238	20239	21
20241	20242	2
10547	26317	2
4237	10547	16
26316	26317	2
10553	10554	2
10556	10557	2
1231	1232	3
5081	5082	13
29499	29500	3
10567	10570	2
18222	20262	44
12425	21456	42
13569	13570	15
14995	27653	2
1249	1250	32
1250	1251	29
1251	1252	31
1253	1254	31
1254	1255	32
1255	1256	31
1249	1256	26
1256	32208	6
1258	1259	33
1253	1259	33
20285	20286	9
10150	20286	6
20289	20290	8
10608	10609	2
20291	20292	7
20285	20292	8
20293	20294	8
20294	20295	6
20295	20296	6
20289	20296	8
20301	20302	72
20303	20304	71
20301	20304	71
20303	20305	70
29554	29555	7
29555	29556	6
29556	36736	3
15312	29556	5
29556	29557	7
5933	29557	5
29554	29558	5
1295	1296	2
1297	1298	2
5926	7933	12
1295	1301	3
10667	10668	2
26929	33186	8
26932	33188	9
20314	20315	2
20316	20319	2
20318	20319	2
29577	29578	4
29571	29578	4
26958	26974	20
26958	26959	20
26959	26960	23
26960	26961	25
26964	26965	23
26965	26971	22
3782	26974	3
26971	26974	18
26961	29590	22
29590	29591	23
12539	20330	2
1316	1317	2
4755	4756	8
8159	20359	3
7575	16577	2
1324	1325	11
1325	1326	13
1329	1330	11
10728	11278	22
1332	1333	14
7457	7459	2
10731	10734	22
1351	1354	30
1351	1352	31
1353	34949	35
1353	1354	31
1355	1358	31
29631	29632	7
1352	1357	29
1357	1358	32
1356	1359	33
1359	1360	32
4756	4757	7
1374	14352	40
4736	4737	12
6319	20386	13
20386	20387	11
6765	20388	13
20388	20389	11
20389	20390	10
20390	20391	15
20387	20392	12
20392	20393	8
20393	20394	10
6765	20394	14
10755	35424	18
16577	16578	9
20398	20399	7
20399	20402	8
20400	20401	6
20401	20406	7
20402	20403	5
20400	20403	8
20404	20405	5
19505	20405	3
20406	20407	5
20404	20407	8
16784	16785	12
20408	20409	7
12446	20408	6
20412	20413	22
20413	20414	22
20414	20415	20
20408	20415	23
12668	36550	7
12668	12669	8
22433	22434	6
3434	3435	3
10779	10782	75
10779	10780	69
10781	10782	72
10783	10786	70
10783	10784	70
10780	10785	71
10785	10786	70
10784	10787	69
10787	10788	69
1815	12678	8
1815	1816	4
1817	1818	6
10802	19983	44
10805	12257	42
1820	1821	6
36548	36551	7
20426	20427	2
8730	20427	2
20430	20969	12
12416	12419	2
1464	8793	2
25416	25417	5
29717	29719	20
20444	24318	2
17155	20444	3
6560	6563	2
5879	20448	19
25418	25419	11
20449	22707	46
20465	20466	2
10841	10843	2
10841	10842	2
11138	11139	7
1838	24007	9
1838	12076	5
1493	1496	70
1493	1494	69
1495	1496	70
20470	30294	6
3442	3443	8
1511	15780	25
904	9040	7
12686	12687	3
20485	20486	23
20486	20495	25
23904	23907	71
3448	3449	10
20489	20490	23
8891	29740	2
20491	20492	2
12689	12690	3
20493	20494	26
20491	20494	18
20495	20496	23
5114	8891	2
10868	10869	4
10870	10871	6
10868	10871	7
23910	23911	69
11337	11340	2
20512	20513	2
21118	29747	19
29747	29748	2
1535	1536	14
1536	21897	13
1537	1538	14
1535	1538	16
1539	1540	12
1537	1540	9
1541	9170	13
1543	6920	71
32136	32139	12
6131	28211	12
20523	20524	4
20526	20527	3
20530	20531	3
20526	20533	5
29763	29770	22
29763	29764	23
29765	29768	21
29765	29766	13
15821	29767	23
29767	29768	20
29769	29772	21
29769	29770	21
10911	10912	2
20547	20548	2
9338	20548	2
9324	20549	2
8243	9324	2
20551	20552	2
20549	20552	2
20553	20554	2
20551	20554	2
9338	11481	2
11481	20553	2
881	10914	32
30692	30693	19
30693	36780	8
9447	20583	6
20583	35850	18
20585	20586	27
20586	20850	22
20586	20587	15
1592	1593	6
1593	1606	4
1594	1595	3
1592	1595	5
1596	1597	5
1594	1597	8
1598	1599	6
1596	1599	5
10935	10938	12
10935	10936	12
10937	30444	13
10937	10938	14
10939	10942	13
10939	10940	13
1606	1607	5
1607	25369	5
16173	16174	2
29798	29799	25
29800	29801	24
29798	29801	20
29802	29803	5
20601	20602	2
29804	29805	20
29802	29805	20
29806	29807	18
11441	29806	6
29804	29807	22
29028	33563	3
1631	9835	3
25434	25435	3
1638	1639	4
1640	9660	7
1638	9660	6
1642	9664	6
1640	9664	5
1644	1645	69
1645	1650	68
1646	1647	68
1646	4264	61
1644	1647	70
1648	1649	7
1649	9667	7
1650	22050	39
1650	1651	67
18317	20625	6
36419	36420	30
8103	20625	7
29841	29842	2
29844	29847	3
29844	29845	3
29846	29847	4
19194	19195	2
18311	18316	6
16309	16373	4
19200	19201	2
18316	18317	8
1677	19553	4
15898	15899	29
1685	1686	3
1686	1689	3
1687	1688	5
1688	1693	4
1687	1690	4
1691	1692	2
1692	25439	3
1693	1694	4
1691	1694	3
29867	36813	6
29867	29868	7
20676	20677	71
29870	29873	5
29868	29872	8
29874	29877	8
29875	36896	16
29871	29876	6
29876	29877	7
247	18982	45
34641	34657	2
1700	1704	2
1706	1709	4
11021	29174	71
29894	29901	2
29894	29895	4
29895	29896	4
29896	29897	3
29898	29903	3
29898	29899	3
29899	29900	4
29900	29901	3
17604	29902	2
29902	29903	2
11038	11039	3
1749	12544	17
1749	19505	29
1753	25496	6
1754	1755	5
1752	1755	5
1756	1757	5
1754	1757	6
1758	1759	6
1756	1759	6
1760	1761	7
11052	12587	5
25055	34907	13
5160	5161	8
1763	1773	12
1763	1764	12
11054	12029	21
1766	1767	12
1767	1768	12
1768	1769	12
1769	1770	12
1770	1771	12
1771	1772	12
1772	1773	12
29916	29919	10
29916	29917	12
29918	29921	14
29918	29919	11
29920	29923	12
29920	29921	12
15694	29922	10
29922	29923	9
15984	29380	10
15694	29380	10
5162	5165	10
20741	20744	10
11064	22860	2
20743	20746	13
20743	20744	12
20745	20748	13
20745	20746	10
20747	20748	13
20742	20749	12
20749	20750	13
11081	18964	44
14068	29931	11
29934	29935	13
29935	29936	13
15999	29431	2
29434	29930	11
29938	29939	11
29939	29940	13
29940	29941	11
29934	29941	11
10468	10476	5
10468	10474	5
6269	10475	4
10474	20758	5
20758	20759	7
15103	15104	7
1802	10618	2
20769	20770	31
20771	20772	32
20772	20773	32
20773	20774	33
20769	20774	31
18512	20801	2
20797	20798	2
18510	20798	2
20800	20804	2
20801	20802	2
1819	1820	6
10809	26849	2
1821	1822	6
1822	1823	5
1823	1824	6
11136	11143	8
11136	11137	9
11137	11138	7
11140	15306	7
11140	11141	6
11141	11142	8
11142	11143	6
11139	11144	7
11144	11145	6
5189	5190	13
11148	27026	12
5190	30001	13
6044	11148	12
11148	27024	12
5192	5193	12
7979	20818	6
5193	5194	9
33212	33215	4
15910	15911	9
25473	25474	2
1857	21543	13
1857	4715	14
20832	20835	2
28668	28669	71
29838	31574	9
29848	30024	12
30018	30023	11
31561	31574	12
10995	20844	2
20844	20845	2
30049	30050	2
30051	30052	2
342	20854	15
1870	1871	2
24169	30055	13
25479	25480	2
20865	20879	12
27032	27033	8
11827	20862	4
8032	8033	3
27032	27035	8
11182	20865	14
20867	32756	8
20867	35850	12
20867	23027	6
13820	31581	16
20872	20873	12
20873	20874	9
20874	20875	12
20875	20876	10
20876	20877	13
20877	20878	11
20878	20879	10
6818	20882	2
8374	8377	2
30199	30200	4
7753	20893	2
1895	28291	12
1896	1897	12
1896	12117	10
1894	1897	13
1897	12117	29
1898	1899	12
11212	16272	9
1900	1901	12
1898	1901	12
1902	1903	13
1900	1903	12
30091	30092	2
30092	30093	2
30093	30094	2
30094	30236	2
30236	30238	2
30097	30238	2
30097	30098	2
22082	30098	2
15476	30091	2
30107	30269	3
12747	12748	23
30267	30286	3
3507	3511	6
16181	30284	3
30284	30286	2
1907	1908	11
30137	30138	3
11235	11236	6
11237	11238	6
11235	11238	4
33226	33227	5
8041	8042	3
8042	8043	2
30152	30155	39
30152	30153	40
20904	20905	13
30154	30155	38
30156	30159	41
30156	30157	41
29254	30158	28
30153	30158	39
30158	30159	37
20910	20911	15
20911	20912	12
4505	30164	39
30164	30165	37
33230	33231	3
33231	33232	5
11250	11251	2
33232	33233	4
27750	27753	3
11585	20913	4
11578	20913	4
20915	20918	3
11585	20915	2
20917	20920	3
20917	20918	3
20919	25654	5
20919	20920	4
11578	20922	2
11260	30449	34
11262	30449	29
20929	23312	2
20931	20932	2
20930	20933	2
20933	20934	2
20935	20936	2
20932	20937	2
11634	20937	2
11268	11269	5
11269	33703	6
11270	11271	6
11271	11272	4
11272	11273	4
11268	11273	5
11274	11275	8
11275	11276	8
11276	11277	5
11270	11277	3
6699	20943	7
20943	20944	3
20944	34724	12
20945	20946	21
20946	20947	23
20947	20948	21
20941	20948	24
20950	20951	22
20945	20951	23
11280	11281	7
11281	11282	7
11282	11283	7
11283	11284	8
11284	11285	6
11285	11286	7
11288	11289	7
11289	25419	6
18120	31906	2
11303	11304	2
30201	30204	29
30201	30202	28
30203	30206	31
30203	30204	30
30205	30208	10
30205	30206	32
20298	30208	20
30207	30208	24
1974	35706	22
20969	25407	5
11324	11325	77
34956	34957	32
20974	20975	22
20976	20979	22
20976	20977	17
20978	20981	33
11337	11338	4
11334	11339	2
11339	11340	3
20975	20982	20
1894	1895	12
1894	12114	27
1997	7078	26
11210	11211	19
2002	15823	2
1896	1899	12
14684	20985	4
36488	36495	3
2014	2017	69
2016	2018	70
2016	2017	71
2018	27659	73
2018	28204	74
2018	18083	24
11237	30255	5
27158	30255	4
15351	30255	6
30255	35122	7
2037	12858	3
21024	21025	4
2040	2041	11
2041	2042	11
2041	12258	3
2045	12259	11
2045	2046	13
2039	2046	12
3065	21039	2
11401	11402	2
21040	21042	12
15990	21042	16
21043	21044	8
21040	21044	14
11417	11418	71
11418	11419	71
11419	11420	70
11420	22524	17
11421	11422	70
11422	11423	70
11423	11424	69
11417	11424	70
11425	11426	69
11421	11426	71
28431	28434	10
715	30282	5
30282	30283	4
2070	25778	17
5233	32338	2
2071	2072	14
2072	2073	12
2073	2074	12
2074	2075	15
2075	2076	13
2076	2077	15
2077	2078	13
2078	2079	12
8490	8501	3
30289	30290	5
17678	30290	5
30291	30292	6
30289	30292	6
16325	30294	44
18343	30295	2
11441	29804	7
30311	30312	15
30313	30320	10
30313	30314	13
30314	30315	8
30315	30316	15
30312	30317	10
13754	30317	8
30317	30318	11
30318	30319	11
30319	30320	12
31531	31533	3
31533	31535	3
30331	31535	3
30332	30333	2
30334	30335	2
22848	25139	9
11453	11454	2
2015	12784	69
12784	12785	68
30350	30353	21
30352	30355	19
30352	30353	21
30354	30357	24
30354	30355	22
30356	30357	22
23520	30358	17
30358	30359	21
2139	15424	2
21131	21134	10
21131	21132	12
21133	21141	7
21133	21134	5
14150	21134	4
21135	21136	13
21132	21137	7
2151	36582	20
2151	10188	4
2151	14785	50
2151	5339	3
16727	21140	9
30367	30368	3
30368	30369	6
9638	9639	8
3200	3206	3
1838	30378	13
12899	35059	2
2183	15351	11
2183	31402	7
2183	35122	8
2183	2271	4
2208	2209	2
11495	31836	2
3558	21179	71
3558	3559	69
21178	21186	70
21178	21179	72
20903	34853	14
20903	20904	15
3562	21186	71
30154	30165	39
20905	20906	13
20906	20907	11
20907	20908	13
2238	13162	2
2240	13162	2
2240	2241	2
20908	20909	13
20909	20910	13
8994	37461	10
24776	30418	47
21220	21223	2
21222	21225	2
21222	21223	2
21224	21227	2
21224	21225	2
2271	32142	19
21229	21230	2
2282	2283	3
2285	31689	14
2285	2286	2
21231	21232	44
2289	2290	3
22556	22557	6
13524	13525	3
13525	20298	4
11586	11681	17
11588	11589	2
11589	11590	2
5194	5195	12
21258	21259	6
7116	21259	4
21261	21262	4
21262	21267	5
21263	21264	7
21261	21264	3
21265	21266	6
21258	21266	7
21267	21268	6
21265	21268	3
2349	28356	2
21279	21280	3
21280	21281	7
13815	21281	4
21283	21284	6
21285	21286	4
21279	21286	8
16497	30456	3
21289	21290	4
21283	21290	6
2358	2361	5
2358	2359	6
11608	11609	2
29771	29772	22
21319	21322	38
21321	21329	38
11637	11638	23
21323	21326	41
11636	11641	22
11640	11643	24
11643	11644	21
7175	21328	39
21328	21329	39
2374	2375	6
2380	14014	2
10683	30192	22
2384	2385	2
20941	20942	24
2394	18309	2
43	2395	26
20942	20943	21
11653	33000	2
21358	21360	2
10091	30521	3
2395	11681	15
12831	12838	10
31651	31656	3
31652	31653	3
17504	17505	8
30534	33093	3
6722	13631	11
16663	33113	3
16087	30530	3
30530	30531	3
30531	30532	4
30534	33120	3
12836	12837	10
31654	31657	3
30536	30537	6
30537	30538	5
30538	30539	5
30539	30540	6
30540	30541	4
30541	30542	5
30542	30543	5
30543	30544	3
18397	30547	18
11286	11287	6
11287	11288	6
11708	11711	14
11708	11709	12
11710	11711	12
11712	11715	10
11712	11713	12
11709	11714	15
11714	11715	11
2439	2440	11
2440	2441	12
2441	2442	16
30564	30565	6
30565	30566	7
30566	30567	6
30567	30568	6
11730	11731	2
11740	11741	2
11742	11743	3
17738	30575	22
11749	11752	7
11749	11750	9
11751	11754	5
11753	11756	7
11753	11754	6
11755	11756	6
36542	36545	5
2459	2460	8
2460	2461	7
2461	2462	6
2462	24389	4
11761	26787	42
36548	36549	5
36546	36549	3
30595	30596	6
19264	30596	7
30597	30598	6
30598	30599	4
30599	30600	5
30595	30600	5
30601	30602	6
30602	30603	6
30603	30604	6
30597	30604	7
905	906	24
11787	17470	43
2496	2497	5
2497	2498	4
2498	2499	7
2500	12283	5
11796	11799	26
379	380	13
11798	11801	21
11798	11799	24
11800	11803	22
11800	11801	22
11802	11805	22
11802	11803	21
11804	11805	21
450	29081	15
29057	29081	11
10439	14673	13
2524	2531	5
2526	2527	5
21487	21488	3
21488	21493	3
21487	21490	4
21491	21492	3
21492	31658	5
21493	21494	3
21491	21494	3
5282	15017	2
21489	21500	3
11308	11309	2
15037	21512	2
11311	11312	2
21540	29717	14
2576	10219	2
2577	2578	2
2578	2579	2
28723	30689	2
30691	34309	2
30690	34307	2
34307	34309	2
15112	30698	2
15112	30696	2
34306	34318	2
30698	34318	2
14092	27521	11
21560	21563	7
21560	21561	5
21562	21563	6
21564	21567	5
21564	21565	6
21561	21566	6
21566	21567	5
11887	11888	68
11889	11890	67
11887	11890	68
11891	11892	71
11889	11892	71
2601	26088	2
2601	12482	2
20974	20977	22
11333	11334	2
11906	29797	2
20978	20979	13
18922	20979	6
20980	29591	24
20980	20981	19
2622	2624	4
34571	34574	2
2627	21316	2
2629	2630	2
2620	2630	3
30758	30759	6
30759	30760	8
30760	30761	6
30761	30762	5
30763	30764	6
30764	30765	6
30765	30766	4
30766	30767	7
15442	30767	6
15039	21616	33
2647	2650	4
2647	2648	2
2649	2655	7
2649	2650	5
2651	2652	4
2648	2653	6
2653	2654	6
21621	21622	6
22790	22865	3
11970	11973	5
11970	11971	4
11972	11973	4
11974	19163	18
11988	11989	9
11990	11991	9
11993	13167	5
11993	11994	9
10027	21644	29
2676	2677	3
21649	24354	4
31682	31685	30
31682	31683	30
31681	31684	35
4264	16009	65
22591	26368	2
31684	31685	26
9839	31685	27
31683	31688	34
31688	31689	30
30838	30839	2
19553	21658	8
13116	21658	3
21658	25869	3
12920	21658	2
30844	35070	2
2717	2720	12
2717	2718	12
2719	2720	12
2721	2724	12
2721	2722	10
2718	2723	13
2723	2724	12
2722	2725	14
2725	2726	13
12035	28440	2
21673	21674	10
21675	37174	9
21675	21676	9
13615	21681	3
12059	12062	8
2755	2756	69
2756	2757	71
2757	2758	71
12060	12065	7
2759	2760	71
2760	2761	71
2761	3965	69
12067	35936	8
2766	2769	4
2768	16305	3
2768	2769	3
2767	16322	3
30867	30870	2
16320	16330	2
12070	12071	31
12071	16182	20
12071	12078	33
12072	12073	32
12070	12073	30
12074	12075	32
12072	12075	21
12076	12077	29
12074	12077	30
12078	12079	29
8092	12079	30
2990	33364	2
35379	35380	41
12112	35404	41
12112	12113	40
1897	12114	27
12114	12117	33
12116	12119	43
12116	12117	43
12118	35380	42
21721	21724	12
5478	21723	5
21725	21728	10
21722	21727	8
21727	21728	10
21733	24993	10
5477	21734	7
2801	2803	3
30893	30894	2
12124	12125	5
16597	23857	3
21770	21771	6
21771	32074	7
2811	2812	2
12145	12146	2
12149	12156	70
12149	12150	70
12150	12151	71
12151	12152	72
12153	12154	70
12154	12155	70
12155	12156	70
2832	8806	44
12152	12160	69
12160	12161	69
16125	16126	20
2840	25609	2
3676	3677	21
12910	12913	13
30921	30924	2
30921	30922	2
30923	30926	2
30923	30924	2
30925	30928	2
30925	30926	2
30927	30930	2
3681	3682	22
2856	12913	12
17799	17802	11
21810	31694	36
3574	21810	18
2862	2869	3
2870	16914	21
2870	2871	23
2871	2872	23
2872	2873	24
2874	2881	21
2874	2875	22
2875	2876	21
2876	16914	22
2878	2885	5
2878	2879	5
2879	2880	5
2881	16922	23
2882	2883	5
2883	2884	3
2884	2885	4
8576	32254	12
2887	2888	2
2888	2889	2
2889	2890	2
2890	2891	2
2891	2892	2
2892	2893	2
30983	30986	2
30983	30984	3
30984	30988	2
18197	30991	3
18197	30993	4
30993	30994	5
27423	30994	4
30995	30996	2
30996	30997	3
30997	36029	3
30991	36029	3
2895	2896	3
2895	8190	17
2897	2898	2
21886	25636	11
2726	35097	12
21888	21891	8
21888	21889	11
21890	21893	11
21890	21891	9
21892	21895	10
21887	21894	11
21894	21895	9
12931	12934	6
35101	35102	14
12931	12932	6
21900	21901	2
12228	31427	2
21908	21915	15
21908	21909	14
21910	21911	16
21912	21917	13
21912	21913	15
21913	21914	14
21914	21915	14
7721	21916	14
21916	21917	15
13388	21921	4
3686	3687	13
15389	30468	2
3688	3689	15
2039	2040	13
19389	19390	27
12258	12259	13
4970	4975	4
3020	31070	2
12833	12834	10
21965	30504	2
21965	21966	2
2047	2048	12
2041	2048	7
2048	12258	11
21969	21970	2
21970	21975	4
21969	21972	2
21973	21974	2
21974	21977	5
21975	21976	3
21973	21976	3
2500	12278	3
12278	12283	23
21977	21978	4
7729	21978	5
12280	12281	26
12281	12282	26
12282	12283	24
31102	31103	2
3002	3003	2
17559	31112	2
22005	35801	31
32293	32298	41
3035	3036	2
3036	3037	2
22029	22030	2
22031	22032	2
22032	22033	2
22034	22035	2
22035	22036	2
3046	3049	71
3046	3047	72
3048	4264	11
3048	3049	69
3047	3050	67
12302	29685	34
12302	24879	29
12302	17539	62
12302	17748	54
12303	29748	3
12305	36837	2
12311	12312	3
2271	3065	6
3066	15039	16
1651	22050	6
2435	12840	10
12328	12329	7
12328	19742	9
12330	12331	15
12328	12331	14
12332	12333	12
12330	12333	12
12334	12335	13
12332	12335	13
12336	12337	16
12334	12337	12
22058	22059	2
12342	20217	3
12343	31815	51
708	31191	4
708	715	7
29255	29264	40
763	31189	4
12345	23214	5
31189	31191	4
23214	27150	6
31192	31195	6
12349	23216	4
763	31192	7
12345	12349	5
24568	29257	39
31194	31195	7
22081	22082	2
3095	3098	7
22084	22085	9
3097	3098	4
22087	22088	6
3101	3104	6
3103	26769	6
3103	3104	7
22092	22093	8
12356	36913	36
16174	31400	2
12357	12364	3
12357	12358	3
12358	12359	3
12359	12360	2
566	12361	4
12362	32300	40
12362	29260	35
12363	37149	4
12363	12364	4
12360	12366	4
12368	26998	27
10415	12368	11
3263	12368	25
12369	12370	5
12371	37193	4
12369	37193	6
31200	31201	31
27091	31201	30
31200	31203	31
31204	31205	31
31202	31205	30
32715	32724	30
31204	32724	32
31208	31209	32
31209	32715	31
28143	31210	9
28143	31219	8
31213	31214	10
17364	31214	11
31215	31216	8
31213	31216	10
31217	31218	11
31215	31218	7
31219	31220	8
31217	31220	9
12384	12385	3
3129	30954	43
3128	3131	4
12391	18737	49
19744	19745	14
12412	37338	4
12414	25995	6
12415	21456	41
12417	37350	5
12414	12417	6
22123	22124	7
12420	12423	43
12420	12421	41
12422	26785	45
12422	12423	45
12424	12427	42
12424	12425	43
12421	12426	44
12426	12427	44
12431	12432	24
12433	12435	21
12430	12434	22
31249	31256	12
31249	31250	13
31251	31254	12
31251	31252	12
31253	31254	12
31255	31258	12
31255	31256	12
31252	31257	12
31257	31258	12
12443	12444	71
12444	16553	21
12447	12448	71
12448	12449	69
12449	12450	72
12443	12450	70
12453	12454	68
12447	12454	70
31259	31266	30
31259	31260	27
14211	31262	7
31261	31262	30
31264	31265	32
31265	31266	30
32598	32599	4
22410	31284	11
3186	37235	46
17872	17873	9
17874	17875	10
17876	17877	13
22170	22173	70
22170	22171	71
16553	22172	19
22172	22173	67
31324	31325	3
31328	31329	42
27212	31329	44
31328	31330	41
19743	19744	12
24183	24193	2
24183	24184	3
31344	32951	12
31353	31354	2
12501	12502	15
31360	31367	8
31360	31361	10
12521	12522	14
17113	31362	8
31364	31370	10
31364	31365	9
31365	31366	11
31366	31367	9
8572	31369	13
31369	31370	12
12527	12528	11
12519	12528	11
12529	35249	20
126	19246	5
22205	22206	23
126	19247	7
22208	22209	23
22210	22211	25
4752	11180	8
6481	31374	20
3257	17114	9
3257	19335	13
4752	4753	6
35383	35384	2
31375	31376	2
31376	31379	2
4754	4755	6
468	31397	2
467	25607	2
469	31404	2
2271	31402	9
3287	3288	2
31409	31412	69
507	508	5
508	24372	4
31411	31412	73
12546	12549	7
31413	31414	70
31410	31415	72
31415	31416	69
8294	12550	6
12550	12551	7
31414	31419	71
31419	31420	71
17582	31430	12
31430	31431	15
13665	31432	2
31434	31437	14
31434	31435	12
31438	31441	14
31446	31450	73
31447	31448	70
31448	31449	70
18486	18487	70
4758	4759	7
2737	31452	43
17168	31454	5
10387	31454	5
4292	31455	56
24205	24206	22
24206	24207	20
12560	12563	13
11182	12562	14
12562	12563	13
14499	14506	69
3335	7675	34
31481	37175	3
11599	31484	29
31486	31487	2
31487	31492	2
3346	19503	8
31490	31491	2
31490	31493	2
22304	22307	10
3351	3352	21
22308	22311	11
22308	22309	9
22305	22310	12
22310	22311	11
3357	3358	21
3353	3358	21
10496	22312	11
8257	29260	37
22314	27062	2
22315	22316	2
4029	12590	7
12590	25055	13
31833	31834	8
683	12595	45
31834	31841	9
31507	31508	2
20078	20080	2
12684	12687	3
3380	3381	2
3378	3385	3
19511	19512	2
2257	2258	9
22372	22373	2
20200	22373	4
20193	22378	33
24537	24554	2
22379	22380	32
22380	22381	31
22381	22382	30
22382	22383	32
22383	22384	31
22388	32823	18
22390	27771	10
3885	31538	3
26021	31538	5
15850	31539	13
22052	31539	13
5121	13539	20
13570	20270	11
20270	20271	15
12642	24724	45
12642	12643	45
12644	27211	15
12643	12644	38
12644	12645	41
12645	12646	42
4455	26289	21
3415	13197	51
22410	32813	51
3422	3423	2
22417	22420	3
22417	22418	4
22419	22422	4
22421	22424	3
22421	22422	2
8107	22423	3
22423	22424	3
14517	14520	10
14517	14518	11
12666	14519	3
31557	31558	2
22429	22430	4
22430	22431	5
22431	22432	4
22432	22433	6
3434	3436	2
22434	22435	4
22435	22436	5
22437	22438	4
21263	22438	6
1816	12673	6
12673	12674	7
12669	12675	6
12675	12676	4
12676	12677	6
12677	12678	8
3438	17172	8
3440	29551	12
3604	34623	8
3443	3444	10
3444	3445	10
3445	3446	10
3446	3447	11
3447	3448	10
12685	12689	3
3449	23824	13
27268	31572	4
3450	3451	13
3442	3451	12
11280	35197	7
5842	10588	6
13525	31582	9
30208	31582	11
3472	3473	2
3474	20677	69
7933	22467	47
525	12720	2
5748	31520	13
16264	16265	2
3491	20817	2
3769	36959	2
22739	22742	5
22497	22498	2
22741	22742	6
3506	3507	8
12748	17042	21
3508	3509	5
750	3508	2
3506	3509	5
3511	3512	6
3510	3512	7
12750	12751	20
12751	12752	21
12752	12753	20
12753	12754	27
12754	12755	23
12755	12756	23
12756	12757	23
12747	12757	22
12758	12759	2
6996	12759	2
17069	27447	5
17071	21499	5
2577	3529	2
3530	3531	2
3528	3531	3
3532	20986	2
3530	20986	2
3534	27925	2
3532	27925	2
3537	20993	2
3534	3537	2
404	3538	53
12777	31330	44
12778	31425	46
22519	22520	2
22520	22521	4
22521	22522	3
22530	22531	7
22531	22532	6
22533	22534	7
12786	12787	71
12788	12791	69
12788	12789	70
12790	12793	69
12790	12791	70
12785	12792	69
12792	12793	71
3556	3557	7
3557	22778	2
12796	12797	2
3561	31020	5
3563	31020	6
22550	22551	6
22551	22556	5
22552	22553	6
22550	22553	5
299	12803	13
12803	12804	11
12804	12805	13
12805	12806	12
22558	22559	6
22552	22559	6
3574	4264	46
3578	3581	10
3578	3579	11
3580	3587	10
3580	3581	9
3582	3585	11
3582	3583	11
3579	3584	11
3584	3585	11
3586	17508	8
3586	3587	11
31650	31651	2
12831	12832	10
12832	12833	9
31654	31655	2
12837	12838	9
31658	31659	4
31652	31659	3
11599	12855	14
3604	10021	2
3604	24207	51
3352	3604	23
3604	35554	3
12860	12871	8
12860	12861	5
12864	12865	6
12865	12866	9
12866	12867	6
12867	12868	7
12868	12869	8
12869	12870	7
12870	12871	9
12872	12873	13
12873	12874	14
12874	12875	12
12875	12876	13
12876	12877	12
12877	12878	12
12878	12879	11
12882	12883	12
12872	12883	14
4264	12889	4
12890	12891	2
2271	22606	14
3635	3645	12
3635	3636	15
3636	3637	14
9836	9839	2
9839	31684	18
3639	21620	13
3639	3640	15
3640	3641	13
3641	3642	13
3644	27287	13
3644	3645	11
3646	3647	11
31680	31681	32
3648	3655	12
3648	3649	15
3649	3650	12
3650	3651	14
3647	3652	13
3652	3653	17
3653	3654	15
3654	3655	12
3657	21670	4
21670	27311	2
3659	3660	2
3657	3660	2
3663	13591	3
31692	31693	69
3574	31694	48
31694	31695	71
31692	31695	70
877	3808	3
3810	3811	10
3811	3812	11
3677	3678	24
3679	3680	23
2856	12915	12
3682	3683	24
2857	12917	12
2857	12915	12
2865	12916	12
12916	12917	12
12918	27018	12
2865	12918	12
31699	31700	3
31702	31703	2
31707	31708	2
31699	31708	2
2913	12926	2
12927	12930	8
12927	12928	5
12929	12932	8
12929	12930	8
12933	12936	7
12933	12934	6
12935	36729	6
12935	12936	10
13631	22634	3
3684	3687	15
3684	3685	14
3686	3689	13
18848	22639	3
3688	3691	14
30468	30479	2
3690	17657	12
3685	3692	14
3692	3693	12
22655	36617	3
10788	22674	68
22674	22675	70
22675	22676	70
22676	22677	65
22677	22678	67
22678	22679	70
22679	22680	70
22680	22681	70
22681	22682	71
22682	22683	68
3122	12979	9
12981	12982	11
12982	12983	11
12983	12984	12
12984	12985	7
3118	3122	11
33513	33514	6
18313	34435	5
22704	34183	9
3714	3715	2
3715	3720	2
3716	3717	2
3714	3717	2
3718	3719	2
3720	3721	2
3718	3721	2
3722	3723	2
3716	3723	2
31905	31908	2
31816	31819	2
22723	22724	29
22724	36796	16
17078	17081	2
29233	31827	3
6540	31827	5
3736	3737	31
3386	31835	10
31837	31838	14
31839	31840	9
31837	31840	14
31841	31842	11
31839	31842	7
31843	31844	3
31844	31845	4
31845	31846	3
31846	31847	3
31847	31848	3
31848	31849	3
31849	31850	3
31850	31851	4
31851	31852	3
13043	13044	3
13044	13045	3
28990	28991	2
3136	31759	3
10086	10098	6
3761	3762	7
3762	3763	8
3763	3764	7
3764	3765	7
22736	22737	7
3768	3771	3
22739	22740	5
3774	27431	6
3772	22498	3
3782	26971	7
13854	22523	2
35281	35282	30
3802	3803	9
3803	3804	30
3808	3809	10
3809	3810	11
3812	3813	10
3821	3822	7
3822	3829	7
3823	3824	5
3824	17766	7
3825	3826	4
3823	3826	5
3827	3828	7
3825	3828	4
3829	3830	6
3827	3830	5
31902	31903	2
13083	36862	2
13083	13084	2
13085	13086	2
13086	13087	2
13087	13088	2
13088	13089	2
13089	13090	2
13090	13091	2
13091	13092	2
19893	29546	2
550	551	20
551	556	22
3844	3845	11
3845	3846	5
3848	3849	5
3849	3850	11
3850	3851	9
3852	3854	2
3855	27518	8
3855	3856	12
12920	22778	38
3985	13114	6
3985	3986	6
13113	24656	6
13113	13114	6
2671	22865	5
2671	22793	4
3986	13115	5
13115	13116	5
2285	31686	5
31686	31689	30
31991	31992	70
31992	31997	70
31993	31994	70
22524	31993	50
31991	31994	70
31995	31996	71
31996	31999	66
31997	31998	69
31995	31998	73
31999	32000	69
2752	32000	72
22802	22803	3
22802	22805	3
22806	22807	4
13145	34624	10
3885	15090	3
3885	7753	2
32026	32027	2
32027	32028	2
32030	32031	2
32026	32031	2
11992	13167	2
3903	3909	2
3906	3907	2
3907	3908	2
8255	8257	36
32794	32795	13
8255	8256	39
32053	32054	2
32071	32072	70
4476	4477	2
12622	22829	2
13217	29302	15
15635	22831	15
22831	22832	14
22832	23405	15
23405	23406	11
23406	23407	14
23407	23408	17
22837	23408	13
22837	22838	15
22838	23409	13
23409	23410	13
32087	32092	3
4605	32088	5
32092	32093	8
13231	13232	2
13233	13234	2
13235	13237	2
13232	13236	2
13236	13237	2
3958	3959	2
3966	28384	2
19562	30136	4
4716	32102	2
4727	4730	2
22853	22854	11
22854	22855	24
22855	22856	19
22856	22857	21
22857	22858	18
3978	3983	6
3977	3980	4
3975	3982	4
13258	13260	28
13258	13259	34
22788	22789	6
22789	22790	5
13265	13266	3
13266	13267	4
13267	13268	3
13268	13269	3
13269	13270	3
13270	37028	3
22793	22794	5
22895	23734	2
32134	32135	11
32135	32142	11
32136	32137	14
32134	32137	12
32138	32139	14
590	591	28
9903	9914	12
23800	23809	2
22906	22907	6
22907	22912	4
22906	22909	5
22910	22911	4
22558	22911	6
22912	22913	6
22910	22913	6
13287	27344	15
13287	13288	15
13288	13289	14
22928	24107	8
22928	22929	14
22930	22933	13
22930	22931	11
22929	22932	13
22932	22933	13
22934	23947	15
22934	22935	8
22931	23943	12
23943	23947	12
23998	24000	31
24000	24002	29
24002	24005	33
24005	24019	32
15396	24007	9
20771	24007	6
24007	24013	29
24013	24015	34
24015	24016	30
23998	24016	30
4016	24019	34
4016	31208	30
4028	29444	13
4029	34907	37
4029	22778	22
4029	32142	2
5309	36677	5
7856	32181	9
4048	37404	70
4048	4049	70
4051	4054	72
4051	4052	71
4053	24150	70
4053	4054	72
4055	4058	70
4055	24150	68
4049	4057	71
4057	4058	69
13340	28984	25
4067	4070	22
4067	4068	22
4069	4072	20
4069	4070	21
4071	4074	24
4071	4072	22
4073	26643	21
4073	4074	23
4068	4079	25
4079	4080	22
13345	13346	2
9665	9689	10
9665	9669	6
5421	13197	17
9692	24349	10
9692	19939	9
9707	24349	10
4082	4083	2
5454	30893	2
1249	32208	24
32211	32212	3
13378	35111	20
13378	31913	28
13382	13383	4
13384	13811	3
13388	13389	2
13391	13398	4
13391	13392	4
13392	13393	3
13393	13394	4
13396	13397	3
13397	13398	2
13394	13402	2
13402	13403	2
5578	32233	42
5578	5581	42
13138	32232	41
32232	32233	42
5590	5593	42
5590	5591	41
5581	5592	43
5592	5593	43
23021	29562	4
5591	32239	39
32239	32240	43
4061	23027	7
5331	23027	8
21232	23034	6
5630	13421	5
5631	13421	4
3753	32241	9
23237	32241	17
13423	13424	4
13436	13437	2
26634	26641	20
13444	13445	5
13445	13446	5
13446	13447	6
13447	28770	6
13448	13449	7
13449	13450	4
13450	13451	4
13444	13451	6
13453	13454	5
13448	13454	7
23041	23044	2
23041	24602	2
23044	24603	2
23045	23048	2
23045	23046	2
23047	24602	2
23047	23048	2
23049	23050	2
13455	20985	5
13455	14684	22
2283	2284	3
32258	32259	25
4135	4136	24
4136	4137	21
4137	4138	24
4138	4139	16
4139	4140	25
32266	32267	11
32267	32268	9
32268	32269	9
5065	5768	23
32271	32272	9
12920	25055	18
13473	32144	8
13469	13473	2
5811	25725	3
4146	4148	71
4146	4147	71
4148	34335	31
4148	18303	25
4148	7004	36
4148	18906	27
4148	29269	30
4148	29174	30
32292	32293	39
5843	5844	3
32294	32295	40
32292	32295	38
32296	32297	38
32298	32299	37
32296	32299	41
32300	32301	35
32294	32301	42
23092	23094	5
23092	23093	5
26639	26640	14
19553	23094	2
23094	29049	2
1677	23094	2
23095	23098	5
23095	23096	5
23093	23097	5
23097	23098	7
13502	13503	2
13504	13505	2
23102	23105	25
23102	23103	20
23104	23105	22
4187	4188	30
23109	23114	2
23109	23110	2
9309	23111	2
23113	23114	2
23123	23124	7
32322	32323	4
32323	32324	3
32324	32325	3
32325	32326	4
32326	32327	4
32327	32328	3
32328	32329	3
32329	32330	2
32330	32331	3
4203	4210	2
23142	23146	2
4212	4213	2
4213	4214	2
13540	13549	2
3253	28005	2
4029	23154	7
23154	25055	10
3427	6265	2
4233	4236	32
4233	4234	31
4232	4235	32
4235	4236	33
4237	4240	30
4238	10547	13
4237	4238	27
4234	4239	34
4239	4240	31
25141	25143	30
23169	25143	30
23169	23170	27
23170	23171	29
23172	23173	26
4242	4243	41
4243	4244	40
4244	4245	40
4245	4246	39
4246	4247	39
4247	4248	39
4248	4249	41
4249	4250	41
4250	4251	42
4251	8256	40
36076	36077	2
13563	13564	21
13564	13565	24
23176	23177	5
23179	23180	4
23177	25203	3
23183	23184	3
4276	23912	4
4283	4284	3
31480	32366	2
7467	32366	2
23213	32366	2
32365	36796	5
7255	36796	22
32372	32373	2
4292	24977	2
3885	4292	2
4292	23552	7
4292	26021	8
23508	29059	6
24	23856	11
6593	6597	2
14521	32383	13
24	25	10
6599	6600	2
6600	32388	2
32388	32389	2
32389	32390	2
32390	32391	2
3661	13591	3
23209	23210	2
23210	23211	2
23209	23213	2
29066	29067	6
15396	32419	2
1838	32419	19
29069	29076	71
32423	32424	2
13634	16902	7
4318	4320	3
29075	29076	71
23233	23234	22
23232	23234	20
32453	32454	2
32456	32459	12
32456	32457	12
1764	32458	12
32458	32459	12
32460	32463	12
32460	32461	12
32457	32462	13
32462	32463	12
32461	32464	12
32464	32465	12
32473	32476	6
32473	32474	8
18593	32475	6
32475	32476	9
32477	32480	8
32477	32478	6
32474	32479	8
32479	32480	6
32478	32481	7
32481	32482	8
13649	13652	2
23249	23256	13
23251	23254	12
23251	23252	13
23255	23258	13
23252	23257	11
23257	23258	14
26	128	8
4362	4365	2
4364	4365	2
36814	36815	8
23292	23294	21
23292	23293	20
23296	23297	13
12835	17869	10
30	33	9
10897	13675	2
23313	23314	2
4414	4417	67
4414	4415	68
4416	4417	70
4415	4418	71
13710	13717	4
13710	13711	2
13711	13712	2
13712	13713	3
13714	13719	2
13714	13715	3
13715	13716	3
13716	13717	3
13718	27789	4
13718	13719	3
23326	23327	4
23326	26755	16
23327	23328	3
23328	23329	2
23344	23345	31
1838	23345	10
23354	23357	20
23354	23355	23
23353	23356	22
23356	23357	23
29719	32564	5
21540	32564	40
13748	13749	28
23370	23371	4
4456	14946	6
12368	32571	27
13752	13753	25
8434	16009	14
4264	8434	79
8434	35543	17
8434	28667	21
5018	8434	18
8434	37353	26
8434	15447	19
8434	37040	19
8434	17203	23
3048	8434	16
1646	8434	21
8434	12889	15
8434	15493	18
8434	12586	20
8434	9620	23
8434	27163	22
3574	8434	18
4463	26349	42
4463	4464	41
6044	27024	11
6044	18367	41
6044	15331	42
6075	15331	42
6075	26337	44
6077	26337	41
6091	26348	40
4741	26348	11
26348	26349	42
13206	16192	2
10243	13759	53
4483	4494	31
4483	4484	31
3200	4487	21
4487	4488	30
4488	4489	32
4489	4490	32
4490	4491	34
4491	4492	30
4492	4493	32
4493	4494	31
4504	4505	40
13787	13788	6
13599	32333	2
13790	13791	5
7602	13791	3
13790	13793	5
7600	13795	6
13787	13795	4
7602	7604	3
7600	7604	3
13798	13799	69
13799	13800	69
13800	13801	71
13801	13802	70
13802	13803	71
13803	13804	70
13804	13805	71
11425	13805	70
7628	32599	4
7628	7630	7
32616	32617	3
4548	28081	36
4548	4549	29
32626	32627	7
32628	32631	9
32630	32633	8
16893	32632	8
32632	32633	8
3604	13827	23
7883	7884	8
7884	29485	9
22778	29485	5
19505	36841	2
7908	32644	2
4562	4565	3
4562	4563	3
4564	23752	8
14311	14312	7
4566	4567	2
3200	32658	22
23444	26978	74
23444	23445	70
26976	26984	71
13849	13850	7
23453	26987	71
26987	26991	69
4052	23452	72
23452	23453	69
3813	3814	11
4602	27755	43
13858	15745	32
4622	4625	12
4622	4623	13
4624	4627	14
4624	4625	14
4626	4629	14
4626	4627	11
4628	28252	13
4628	4629	12
4623	4631	13
4631	4632	16
13882	13885	2
10088	11613	10
24654	24658	72
11891	24658	70
13905	13906	69
32725	32726	2
32728	32729	2
13912	13921	2
13912	13913	2
20290	20291	7
13929	19634	4
4694	4699	2
4694	4695	2
23492	23493	6
4698	4699	2
23495	23502	7
23495	23496	4
23500	23501	8
23501	23502	8
27519	37341	5
7109	7110	5
23507	23510	6
23507	23508	4
23509	23512	5
4061	32756	14
5331	32756	9
23511	23514	7
23511	23512	6
23504	23513	7
23513	23514	3
32758	35249	26
4731	4732	2
4733	27673	12
4733	4734	12
23516	23517	21
23518	23519	22
23519	23524	23
4737	4738	12
4738	4739	12
4741	27663	12
23524	23525	22
12920	23528	10
13084	13085	2
4744	4759	6
4744	4745	6
23530	23531	2
4748	4749	2
23539	27745	2
4757	4758	7
32788	32791	12
8731	8732	15
32792	32793	16
8744	32793	14
8744	29183	16
29183	32796	13
32796	32797	12
21319	21320	41
13984	13985	71
21321	21322	41
24948	35948	3
21323	21324	41
33702	33705	6
21320	21325	39
7753	23552	5
33702	33703	6
21325	21326	39
4776	4777	5
4777	4778	5
4781	4782	4
4775	4782	4
15334	15337	2
33708	33711	7
23576	27957	2
26124	32815	24
27959	27960	3
27962	27963	3
33710	33711	3
32816	32817	23
32817	32818	24
32818	32819	20
32819	32820	21
18070	32820	5
32820	32821	23
32821	32822	20
9889	32824	5
18925	32831	46
6762	9665	2
32838	32839	5
13262	13263	2
26411	32867	35
14948	14949	2
8293	14022	32
32884	32885	2
19741	19742	10
23632	28183	2
28186	28187	2
10809	32897	2
3979	25895	3
23642	37444	3
23642	23643	4
16831	28231	3
28243	29914	2
23648	23651	2
23648	28243	4
23643	23650	4
23650	23651	2
23654	25854	51
25411	25416	7
19745	19746	12
14043	14044	2
4880	16582	23
17070	32950	5
10021	32950	49
14785	32950	37
9480	32953	5
3067	23690	2
23691	23692	2
32957	32958	5
32959	32960	5
9508	9509	2
4901	4908	2
4901	4902	2
4902	4903	2
4905	4906	2
4907	4908	2
5579	5580	12
9568	32983	3
13378	23706	18
5587	5588	12
5588	5589	12
4933	4934	2
4934	4935	2
9748	33014	2
15681	15692	2
14106	14113	3
9838	14114	2
14114	14115	3
23736	23737	8
23738	23739	11
23739	23740	12
23740	23741	11
23741	28979	11
23743	28979	7
23743	23744	12
23745	28985	33
23745	28982	30
28984	28987	32
28984	28985	26
4973	4974	6
4974	4977	5
4975	4976	5
4973	4976	5
4977	4978	5
4978	16622	4
23755	28982	31
23755	23756	32
18094	18095	3
4986	35117	22
9929	11505	2
32140	32141	12
14134	14135	2
14128	14135	3
32138	32141	13
14150	21133	2
5008	5013	2
5009	5010	5
4264	5018	59
5018	7010	42
23799	23800	2
23801	23802	2
5028	15968	2
5029	11327	36
17801	23744	9
10119	10120	70
33070	33071	2
33071	33072	2
7889	23816	10
23818	23819	9
23820	23821	9
23821	23822	12
23822	23823	9
23816	23823	12
23824	23825	8
23820	23825	8
24507	24508	2
33077	33078	2
33079	33080	3
23839	23840	69
23840	23843	69
23841	23842	72
23842	23847	70
23843	23844	70
23841	23844	69
23845	23846	73
19593	23846	70
23847	23848	70
23845	23848	70
23850	23851	9
22848	23851	9
23852	23853	10
23853	23854	9
23854	29422	11
23850	29422	8
23856	23857	10
23856	34254	4
16597	23856	3
23857	23858	8
23858	23859	9
23852	23859	12
23860	23861	11
23862	29432	8
23864	29432	8
33093	33099	3
23861	23871	11
23871	29443	11
10251	23873	16
5070	33457	6
5070	5079	13
12118	29478	19
5076	5077	11
5077	5078	13
5079	5080	16
5080	5081	11
5075	5082	14
30532	33120	3
20059	33134	3
20955	33134	3
23891	33134	2
23892	33134	9
6797	33134	3
5107	12172	26
23902	23903	69
23903	23910	69
23904	23905	71
19675	23905	70
23906	23907	69
23908	23909	69
23906	23909	71
23908	23911	70
9373	33167	2
33167	33168	3
33168	33169	4
33169	33170	5
33170	33171	2
33171	33172	4
33172	33173	2
33173	33174	2
33174	33175	3
33175	33176	3
5146	5147	5
5150	5151	5
11052	12003	20
11054	12003	23
5158	5161	10
12029	33185	23
33185	33186	27
26929	33187	11
33186	33187	24
33187	33188	24
11063	26932	7
11063	33188	24
11063	33190	19
5166	5167	8
1907	5167	11
5184	17941	2
5184	12172	3
5184	6033	7
5184	35206	2
5187	29991	14
5189	29991	14
33206	33209	4
5192	30001	12
33210	33213	5
33214	33215	4
5195	30444	12
5209	5210	2
33226	33235	2
23949	23950	2
33227	33228	2
33228	33229	3
33229	33230	3
23953	23954	2
9450	33234	3
33234	33235	4
22446	22455	2
30264	30265	2
5229	18083	37
5229	12172	81
31686	31687	30
19739	19746	14
24008	24009	2
11943	14348	23
14348	30127	2
14357	25810	3
24049	24050	2
5273	32574	34
10144	10145	7
10142	10145	6
10146	10147	8
10144	10147	8
5275	5278	9
5275	5276	9
5277	5280	11
5277	5278	12
5279	15017	3
5279	5282	10
5279	5280	10
5281	5284	9
5281	5282	9
5283	8540	11
5283	5284	8
10150	24077	6
33318	33319	19
33319	33324	18
33320	33321	22
33318	33321	22
33322	33323	20
33323	33326	21
33324	33325	20
33322	33325	23
33326	33327	22
24205	33327	21
33330	33331	26
33331	33332	23
33332	33333	23
33329	33333	23
33334	33335	22
5301	5303	2
18831	24097	31
24107	30314	3
24106	24107	9
33361	33362	3
33361	33364	3
33365	33366	26
33363	33366	31
12115	33367	31
12115	33365	35
33369	33370	2
14422	14425	7
14422	14423	4
14424	14427	5
14424	14425	4
14426	14429	4
14426	14427	6
14428	14431	6
14428	14429	5
14430	14431	7
14432	14433	4
14449	14450	2
12206	14452	2
35400	35403	2
29771	29950	12
29766	29771	17
24543	24544	2
24123	24130	12
24123	24124	12
24125	24128	14
24125	24126	13
9913	24127	14
24127	24128	13
24129	24132	14
24129	24130	13
24126	24131	12
24131	24132	14
24548	24549	2
27020	27021	12
7094	7095	23
24169	31270	27
2716	24169	4
14482	14483	71
14483	14484	68
14484	14485	70
33440	33441	2
9967	31356	3
31356	31359	2
24188	31359	3
24188	31363	4
24190	31363	3
24190	24191	2
24191	31371	4
24193	31371	3
14492	14493	3
24194	24195	10
10175	33453	7
33453	33454	21
33455	33458	6
33455	33456	6
12927	33456	4
33457	33460	5
33457	33458	5
33459	33462	8
33459	33460	7
33461	33464	7
33461	33462	9
19630	33463	7
33463	33464	6
14497	14500	66
14497	14498	70
18836	24207	7
24207	28263	3
14499	14500	72
14501	14504	69
14501	14502	74
14498	14503	71
14503	14504	71
14505	18893	73
14505	14506	71
24208	31519	7
24208	31504	7
24210	24217	6
24210	24211	6
6233	24211	7
6233	31519	5
8651	24214	7
24214	24215	7
24215	24216	5
24216	24217	7
14513	14522	3
12658	14513	3
14515	14518	9
12662	14515	11
12663	14516	2
12663	12664	3
14514	14521	7
33483	33484	2
33484	33489	2
33485	33486	2
33483	33486	2
33487	33488	2
33489	33490	2
33487	33490	2
33492	33493	2
33485	33493	2
14540	15567	6
14540	14541	5
24256	24259	2
3095	18301	7
14556	30152	3
24269	24270	3
33506	33509	2
14557	14558	20
33510	33511	2
5393	5401	4
5393	31719	2
31732	31736	3
22955	31732	4
2629	5398	2
5398	31736	3
5400	5403	3
5400	5401	3
5402	22955	5
5402	5403	3
7109	7120	5
33513	33516	5
33515	33518	4
33515	33516	3
33517	33520	7
33517	33518	3
33519	33522	4
33519	33520	4
33521	33522	5
5408	15604	48
33540	33541	24
5339	33542	12
16859	33542	7
9679	33542	34
32952	33542	5
33542	33544	24
35518	35525	4
35525	35526	3
10180	27687	3
3280	33549	2
19939	24327	12
24332	24333	2
24339	24342	41
24340	26615	4
24339	24340	41
24341	24344	42
24341	24342	41
24343	24346	44
24343	24344	41
24345	24348	44
24345	24346	41
12113	24347	43
24347	24348	42
5423	21118	24
5423	18309	14
7124	7125	5
14610	14611	3
1622	33563	4
13473	32143	10
32143	32144	31
5439	32144	32
5435	5436	30
5436	5437	32
5437	5438	33
5438	20191	35
5439	5440	31
5440	5441	31
5441	5442	31
5435	5442	32
24363	24370	6
24367	24368	7
24371	24372	7
33582	33585	12
33582	33583	16
33584	33587	12
13428	33586	13
33586	33587	12
5671	33588	16
13428	33588	13
33583	33591	16
14650	14651	2
5474	36406	12
14654	14655	3
14652	14655	2
5477	21733	2
5478	21734	4
14669	14670	10
14670	14674	12
14672	14673	14
24391	30785	6
14674	14675	14
14672	14675	12
18485	28670	70
5493	29188	5
5493	12863	5
9570	14688	20
7455	13607	2
24397	24398	2
24399	28876	7
23866	23867	8
24400	24401	2
24399	24401	2
24404	24407	23
24404	24405	21
24406	34925	22
24405	24408	23
33669	33670	6
20759	33670	6
8775	14711	16
14711	34935	12
15351	24423	7
32649	32650	2
5669	7078	32
5541	5542	4
5547	24981	7
14732	25869	2
14732	14733	5
14733	14734	5
14734	14735	5
12451	12452	70
14736	14737	6
14737	14738	9
14738	14739	6
14739	14740	5
14740	14741	6
14741	14742	9
14742	14743	5
14743	14744	8
14744	14745	6
10168	33695	3
5569	12356	44
5571	35580	3
5571	13396	2
14756	14757	3
33704	33707	7
33704	33705	5
33706	33709	5
33706	33707	8
14762	14763	4
33708	33709	6
13995	14765	5
14762	14765	7
11796	11797	23
3068	9226	13
3068	14783	13
14058	14060	12
9226	14060	15
14062	14067	11
14058	14067	13
14068	14069	14
14062	14069	13
5582	5589	12
5582	5583	12
5583	5584	12
5584	5585	12
5586	31250	13
5586	5587	13
14783	14784	13
14784	16855	3
33729	33730	11
33730	33733	13
33731	33732	15
33732	33737	12
33733	33734	11
33731	33734	13
33735	33736	10
19890	33736	13
33737	33738	14
33735	33738	13
33739	33742	5
33741	33744	7
14118	33743	7
33743	33744	8
14118	33745	7
14790	14791	5
24499	24500	3
24500	25825	3
13607	33750	2
33750	33751	3
24501	24502	3
24502	24503	5
24503	24504	5
24504	24505	3
24505	24506	3
24506	24507	4
33758	33759	2
18477	33766	14
33766	33767	13
33767	33768	13
33768	33769	14
14243	33769	11
14243	14247	14
14247	33772	13
33772	33773	14
33773	33774	13
33774	33775	11
5607	6804	3
14822	14824	6
14823	14826	6
14823	14824	4
14825	14826	6
2047	12526	13
14829	14830	6
14830	14831	5
3071	14833	22
2295	14833	38
33798	33801	2
5631	13423	5
14847	14848	2
14848	14849	2
14849	14850	2
14851	14852	2
14852	14853	2
14847	14854	2
5817	14855	2
14851	14856	2
14418	33816	3
33816	33817	3
14417	14418	4
14419	33823	3
14419	33821	2
33817	33822	5
33822	33823	3
33821	33825	2
33825	33826	2
24544	24545	2
24542	24549	2
24552	24553	2
14476	29061	6
14476	14478	7
14478	14877	7
14877	14878	5
14479	14878	5
14479	14480	6
14480	14881	7
14881	14882	3
14882	14883	6
14883	14884	9
2014	2015	71
19834	19835	2
24561	34618	23
24561	24562	25
14905	14906	2
14906	14910	2
14905	14907	2
14908	14909	2
14910	14911	2
335	14911	2
14911	30662	2
14908	14911	2
24571	24588	3
19985	24573	44
5661	33682	16
5663	33666	11
5663	5664	14
33673	33675	13
33675	33679	9
33679	33682	15
5664	5670	15
5670	5671	12
7169	7170	44
24589	24596	2
24589	24590	2
7170	7178	41
24591	24592	2
24595	24598	2
24595	24596	2
24592	24597	2
24597	24598	2
19846	19847	5
14952	18450	2
17329	17332	43
5694	20738	7
14956	14960	2
14957	14964	2
14957	14958	4
14958	14959	3
14959	14960	3
14939	29139	4
14939	14940	4
14940	14963	7
14963	14964	2
33904	33905	2
33906	33907	2
33907	33912	2
33908	33909	2
33904	33911	2
33912	33913	2
148	33913	2
3802	24615	29
14968	24659	15
4714	14968	13
19855	19856	2
900	905	24
19857	19858	2
19858	19863	2
903	9040	4
903	904	24
19860	19861	2
10233	10234	7
903	906	22
5735	5736	5
5736	22121	4
14992	14994	2
33955	33956	2
9053	33956	2
15113	33957	2
33957	33960	2
6343	8611	2
14999	15130	2
25499	37031	25
21499	21500	3
17329	28678	37
16069	34283	15
30691	34306	2
4663	22223	70
16553	34335	29
24708	24709	14
24709	24710	13
24710	24711	13
24712	24713	11
24713	24714	11
24714	24715	12
24720	34384	13
4134	30694	30
7064	15371	8
15371	34007	7
3608	24727	17
34010	34017	8
34010	34011	6
34011	34012	8
15400	34012	7
15404	34014	7
15404	34016	5
34016	34017	6
33181	33184	2
924	927	2
924	925	2
5758	5763	2
5759	5760	2
5757	5760	2
5761	34525	2
19876	19877	12
5761	5764	2
5765	34528	2
13502	34528	2
32270	32271	12
5774	35402	2
6540	15039	3
4667	24747	70
16069	29982	15
5783	13469	3
15625	15665	2
8994	34044	6
15668	27698	2
34046	34047	22
34047	34048	22
34048	34049	22
20231	34049	19
34050	34051	21
34051	34052	21
34052	34053	24
5792	5793	6
34054	34055	25
34050	34055	24
5794	5797	6
5794	5795	6
5793	5796	5
5796	5797	5
5799	5800	3
5809	5810	2
5810	17867	6
15083	15085	10
8623	15085	11
24779	24780	2
24781	24784	2
24781	24782	2
24783	24786	2
24783	24784	2
20793	24785	2
24785	24786	2
24788	24789	2
24800	24801	3
15100	15105	5
15099	15102	6
15104	15107	7
15105	15106	6
15107	15108	9
24805	24812	2
23059	23060	3
5848	5851	2
23060	23061	2
22370	29155	4
4029	5854	21
5854	25055	10
8645	8646	7
5901	5902	8
5903	23901	7
5904	5905	6
7125	7126	3
5907	5908	7
5908	35184	6
23901	35184	8
15120	15125	3
15121	15122	3
15122	15123	3
2901	2910	12
5932	5935	6
5934	5937	5
5934	5935	6
5936	5939	6
5936	5937	7
5938	5941	7
5938	5939	5
5940	19919	6
5940	5941	8
14944	14945	29
11306	11307	2
15145	16454	21
15147	16454	23
15147	15148	23
15148	15149	22
15149	16459	22
16459	34724	2
16459	37493	2
27686	27687	4
11307	11308	2
37495	37496	25
5961	5968	4
5961	5962	2
5962	5963	4
5965	5966	3
34227	34228	2
34225	34228	2
5964	5969	2
5969	5970	3
16667	24868	4
5971	5972	2
5975	5976	2
5973	5976	2
10526	15162	46
16698	22927	6
16698	16702	5
15169	16702	4
15163	15169	6
17207	24886	46
15172	15175	10
15172	15173	12
1332	15174	12
15174	15175	16
15176	15178	14
15173	15177	10
15177	15178	10
11952	37079	2
25779	34255	3
15193	15200	2
15193	15194	2
15194	15195	2
15195	15196	2
15198	15199	2
15199	15200	2
34277	34278	11
34275	34278	12
34279	34280	16
34277	34280	12
15196	16905	2
34279	34282	12
34283	34284	11
34281	34284	15
2910	2911	14
24939	24942	3
24939	24940	2
24941	24944	6
24941	24942	5
24943	24946	2
24943	24944	4
1081	24945	2
24945	24946	3
24940	24947	4
6033	17941	3
6033	7990	7
6033	7010	71
5107	6033	7
6033	18083	57
6033	14169	3
34305	34319	23
11186	19473	69
16553	19360	33
11186	19360	68
24967	24968	2
30692	34305	18
11735	19468	69
19468	19473	69
11735	19497	70
15248	15249	2
30693	30694	23
15248	15255	3
15090	24977	7
24977	32238	4
7753	24977	12
37343	37351	2
18096	30697	22
30697	34319	22
15274	15277	3
15276	15277	10
15275	15280	8
15280	15281	9
6134	24981	11
24981	32469	2
13539	24982	20
15285	15286	4
17236	17237	3
15286	17239	7
17239	17243	4
15293	15296	7
15293	17250	5
15290	17254	8
15296	17254	5
34332	34333	19
34333	34334	24
17304	34334	18
9472	15025	47
12416	37351	2
34338	34339	2
24992	24995	2
24992	24993	10
24994	24995	9
34340	34341	2
4986	26121	3
15306	15307	6
15307	15310	6
15308	15309	7
15309	15314	7
15310	15311	8
15308	15311	6
15312	15313	7
15313	20398	7
15314	15315	6
15312	15315	7
5659	25006	14
25006	29046	13
12834	12840	9
12418	12419	2
25007	25008	15
25008	25009	21
25009	25010	24
27961	27962	4
25017	25018	31
6111	6112	6
6113	6114	15
6115	6116	12
11171	15333	2
6119	6120	11
6115	6120	13
13905	34386	11
25030	25031	2
27020	27023	12
18308	34428	8
34438	34439	2
6130	6133	14
6130	6131	15
6132	6135	14
6135	36579	13
6136	6139	12
6136	17210	11
6138	16848	12
6486	27754	13
34457	34458	4
34458	34459	4
25059	31053	54
34460	34461	4
34461	34462	3
34464	34465	11
11756	34465	14
34464	34467	12
34468	34469	15
34466	34469	15
34468	34471	13
15388	15391	2
15392	15393	33
15393	15394	33
2070	2071	16
15396	15397	30
15397	15398	32
15398	15399	31
15392	15399	33
6147	6148	23
6148	6156	23
6150	6151	20
34007	34014	8
6150	6153	22
6154	6155	16
6152	6155	25
6156	6157	20
6154	6157	24
15425	15426	6
15426	33669	5
15427	15428	5
15428	15429	5
15429	15430	5
15431	15432	5
15425	15434	6
13540	13541	2
15437	15440	5
15439	15450	6
15439	15440	5
15441	15444	4
15441	15442	5
15438	15443	6
13543	13544	2
15445	15446	72
4264	15447	29
15447	15448	71
15445	15448	70
1598	15449	6
15449	15450	5
13545	13546	2
6194	6200	2
6202	19980	2
17686	19985	48
6226	37121	72
6226	7010	21
37040	37121	70
4264	37040	55
550	18346	10
32885	32886	2
15487	15491	24
9936	15489	4
15488	15489	23
15489	15490	23
15490	15491	21
4134	4135	22
4264	15493	33
15495	30294	40
6260	6261	2
3814	21104	3
6272	6273	6
15514	15517	3
15514	15515	3
15516	15519	5
15516	15517	4
15518	15521	3
15518	15519	2
15520	15523	3
15520	15521	5
1685	15522	3
15522	15523	2
15534	15535	14
15536	15537	12
15538	15539	15
15857	15860	2
37159	37160	3
8723	15547	2
15559	18665	4
15561	15562	4
15559	15562	4
15563	15564	6
15561	15564	6
15565	15566	4
15563	15566	3
15567	15568	5
15565	15568	7
15575	15576	30
15576	27877	32
21104	25139	10
6297	6298	2
34613	34614	21
6299	6300	2
34619	34620	22
34621	34622	23
25153	25154	30
1360	25154	31
25155	25156	31
25153	25156	28
25156	37156	8
34623	34624	23
34624	34625	18
13145	34625	11
16304	16305	3
6315	6316	10
6316	6317	9
6317	6318	10
6318	11166	13
6319	6320	11
6320	6321	14
6321	6322	11
6315	6322	11
6325	6326	3
11166	11172	13
11172	29917	11
34642	34643	2
34646	34647	2
34648	34649	2
15633	15634	11
15634	15635	11
15661	15662	2
34664	34667	3
30762	30763	6
34693	34694	2
34695	34698	2
6345	6346	21
6346	9925	14
6346	6347	18
6347	6348	22
6348	23355	26
34702	34703	2
15676	17748	2
34046	34053	20
34723	34726	19
34725	34728	22
34725	34726	21
34727	34730	24
34727	34728	21
34729	34732	22
34729	34730	20
34731	34732	25
926	927	2
25205	25208	3
25205	25206	3
25207	25210	2
25207	25208	3
25209	25210	3
25211	25212	2
6370	6371	2
6373	6374	2
34746	34747	2
6383	6384	4
6384	6385	4
6386	6387	5
6387	6388	5
25230	25231	8
25231	25232	6
25232	25233	9
11145	25233	8
25234	25235	5
25235	25236	6
25236	25237	6
25230	25237	6
15711	23444	12
34767	34768	2
34768	34769	2
15723	15724	2
15725	15726	3
4275	36420	32
36550	36551	6
34774	34775	17
6418	24825	7
595	601	6
599	601	8
6420	6423	2
13206	23195	2
23195	26148	6
23195	30132	3
762	20183	45
34781	34784	24
19753	34781	20
25307	25314	13
25307	25308	10
25309	25312	15
25309	25310	11
1533	25311	13
25311	25312	12
25313	25316	15
25313	25314	11
25310	25315	12
25315	25316	13
15780	15783	70
1511	15781	60
15780	15781	42
15782	15785	70
15782	15783	70
15784	15787	70
15784	15785	70
15786	15789	71
15786	15787	71
15788	15789	70
34803	34804	2
5418	6475	46
34806	34807	3
34808	34809	3
6483	33918	5
6483	7964	2
1838	6488	15
964	6488	32
964	33415	31
970	33415	31
970	971	32
971	6493	28
15809	15810	20
15810	15811	25
15811	15812	27
15812	15813	27
15814	15815	22
15815	15816	21
15816	20950	23
34818	34821	2
33251	34818	2
25331	25332	18
15821	15822	20
15809	15822	23
34828	34829	69
34827	34829	71
26690	34829	58
26693	34829	45
15831	15832	2
15831	15834	3
15833	20046	2
15838	20043	2
6502	19516	21
13574	13581	2
34844	34845	12
25366	25367	3
25367	25368	5
34847	34848	12
25370	25377	7
25370	25371	8
34850	34851	12
25372	25373	7
11274	25376	6
25376	25377	6
34853	34854	14
34844	34854	12
6529	6530	2
34864	34867	2
750	25407	2
25410	25413	6
25410	25411	10
12861	25412	8
25412	25413	6
25414	25417	7
25414	25415	8
25415	25418	5
6562	6565	2
1428	34885	44
24800	34884	3
20047	20048	2
1067	1068	7
1068	15676	7
20051	20052	2
25430	25431	2
1622	9835	3
1631	25434	3
20052	20053	2
25435	25436	3
25436	25437	2
10140	25437	3
10140	25439	2
21226	21227	2
3200	15894	19
15894	15901	30
15898	23756	31
15899	15900	33
15900	15901	31
31413	31416	72
15099	15100	7
6603	6604	2
245	25465	6
25467	25468	2
10562	24810	2
15103	15106	6
6614	13592	2
15911	15916	11
15108	17226	7
15914	15915	10
618	15915	11
15916	15917	11
20587	20850	20
34916	34917	23
34917	34918	21
34918	34919	24
34919	34920	20
34920	34921	26
34921	34922	24
34922	34923	25
34923	34924	21
34924	34925	22
23211	23212	2
1073	1074	3
11303	23212	2
34928	34929	31
34930	34931	30
34928	34931	29
6637	6638	3
1075	1076	3
34596	34937	43
1940	25497	8
1940	25494	5
25494	25495	5
25495	25496	5
34949	34950	35
34950	34955	32
34951	34952	31
34952	34953	32
34953	34954	32
1258	34954	31
34955	34956	32
34957	34958	31
34951	34958	31
6656	35344	16
6656	6657	14
6657	6658	13
6658	6659	10
6659	6660	13
6660	6661	16
6661	6662	12
6662	6663	11
15982	15983	13
15983	21043	10
15984	15985	11
15982	15985	11
15986	15989	70
15987	26191	33
15986	15987	71
15988	15989	69
15990	15991	13
2079	15991	13
6664	6665	3
6667	6668	2
34984	34985	54
16000	16001	2
16002	16003	2
16003	16004	2
16005	16006	2
6127	16008	2
22591	27409	2
12001	12002	2
6687	6688	3
2255	6690	4
16011	16014	2
2246	6689	4
16016	16017	2
35019	35027	2
10188	16072	4
5453	16072	3
1824	16072	8
4318	4319	2
35055	35056	2
35056	35057	2
21578	34856	2
11222	24846	2
12020	20262	32
16087	33114	2
6758	6759	12
6757	6759	13
19070	25590	10
2127	19070	10
25589	25592	7
25589	25590	10
25591	25594	10
25591	25592	10
25593	25596	10
25593	25594	8
11494	25595	8
25595	25596	11
16111	16116	2
16118	20485	23
16118	16119	21
16119	16120	22
16120	16121	23
16121	16122	21
16122	16123	20
16123	16124	25
16124	16125	23
16126	16127	23
16131	24982	9
16131	33673	9
24977	25613	4
22624	25614	53
35097	35098	13
35098	35099	13
35099	35100	13
35100	35101	13
35102	35103	14
35103	35104	13
21896	35104	14
21896	21897	12
12499	25636	9
2900	16783	13
16783	16784	12
25643	26148	2
16785	16786	14
1077	1080	3
16163	16164	2
16164	16165	2
16165	16166	2
16166	16167	2
16167	16168	2
16168	16169	2
16169	16170	2
37242	37243	2
25649	25650	3
25650	25651	2
25651	25652	4
25652	25653	4
25653	25654	3
16182	16183	2
12078	16182	21
16184	16185	3
16186	16187	3
12431	16192	15
1914	16192	14
6796	6797	2
33770	33771	9
16217	16218	4
22240	22242	5
16217	22242	5
22240	26241	6
22256	26260	6
22247	26260	5
22261	22262	7
22256	22262	9
25685	25696	65
10119	25685	76
35158	35159	2
25691	25694	72
25691	25692	68
25693	25694	69
25695	25698	70
25695	25696	69
25692	25697	69
25697	25698	70
25700	25701	2
6718	25613	8
35193	35204	8
35193	35194	5
15120	15121	3
22454	25613	3
35197	35198	7
35198	35199	8
35199	35200	7
35200	35201	8
35201	35202	6
35202	35203	7
35203	35204	8
28204	35206	29
8117	16258	2
21578	35207	19
16261	16262	2
15171	25708	45
26419	29675	3
16268	16269	2
15124	15125	3
16276	16277	2
16277	16278	2
22524	27895	14
11021	22524	31
6823	6824	4
2752	2753	71
6825	6826	3
6826	36373	6
2753	2754	71
2754	2755	70
25716	35801	29
12061	12062	7
2758	2759	70
35240	35241	2
15127	35249	17
14246	35249	17
2765	16304	5
509	12547	8
35264	35265	2
16306	16308	2
35260	35267	2
6852	6855	2
16318	16319	16
16319	34131	3
35282	35283	19
5929	5930	23
16322	16324	3
15369	23946	38
1857	35288	39
4345	4346	2
128	6888	10
6888	6889	12
3913	6890	9
3904	6890	10
6892	6895	10
3913	6892	8
6894	6897	7
6894	6895	9
6889	6896	9
6896	6897	11
35298	35299	2
35300	35301	2
6901	6904	2
3940	6904	2
6917	27991	72
3965	27991	69
6916	6919	70
6916	6917	72
6918	6921	71
6918	6919	71
6920	6921	70
35309	35310	2
35313	35316	2
5932	5933	8
3134	31760	4
25776	25777	14
11713	25777	10
25778	25779	13
25778	34255	3
25779	25780	12
25780	25781	11
25781	25782	12
25782	25783	11
25783	25784	13
25784	25785	11
25776	25785	12
6943	6950	4
6943	6944	5
6945	6948	5
6945	6946	2
6947	30544	4
6947	6948	5
6949	6952	6
6949	6950	3
6946	6951	5
6951	6952	6
35343	35346	16
35343	35344	13
35345	35348	13
35345	35346	13
35347	35350	13
35347	35348	15
35349	35352	10
35349	35350	14
450	35351	12
35351	35352	14
1823	4293	3
4297	4298	5
4298	4299	5
4299	4300	4
11278	20855	25
1543	11278	22
3760	3775	6
14357	25825	4
16404	23374	2
1877	25840	2
6933	6996	2
7910	35379	42
7002	7003	69
7003	7004	67
7001	7008	70
35381	35384	2
35381	35382	2
35383	35386	2
35385	35388	2
35385	35386	2
35387	35388	2
35382	35395	2
35395	35396	2
7009	13459	30
1894	35404	12
12114	35404	42
12119	29478	10
12118	12119	41
7026	14730	12
25886	25887	5
25888	25889	3
25892	25893	3
25531	35424	28
16476	16479	2
16485	23710	2
25905	25906	2
25917	25920	6
25917	25918	5
25918	37340	2
25919	25922	7
25919	25920	6
25921	25924	5
25921	25922	6
25923	25926	7
25923	25924	5
18301	25925	6
25925	25926	6
25927	25928	2
25935	25936	2
7058	7059	2
25935	25943	2
25944	25945	2
12486	20169	9
6824	6825	5
25953	25958	5
25954	25955	4
25946	25957	2
25956	25959	2
7625	34221	5
1902	35481	12
1074	33176	4
16538	16541	6
16538	16539	6
16540	16543	8
16539	16546	6
16546	16547	8
35485	35486	12
6758	35486	11
35487	35488	12
35488	35489	12
35489	35490	13
35485	35490	12
35491	35492	13
35492	35493	12
35493	35494	13
35487	35494	12
35499	35500	2
1073	1076	3
1077	1078	3
12412	25995	4
25996	25999	6
25996	25997	6
25869	25997	2
25998	25999	5
7094	7097	20
7096	33190	23
7096	7097	23
7095	7098	17
5965	20184	2
24779	24782	2
16684	26748	33
5966	5967	4
35514	35516	20
5967	5968	4
32951	32952	19
31344	32952	14
26021	32238	7
7110	7111	6
7111	7112	6
7112	7113	7
7113	7114	6
7114	7115	6
7115	7116	5
6151	29764	23
7119	7120	3
35527	35528	12
7121	19765	3
7121	7122	3
7122	7123	3
7123	7124	2
7126	7127	4
7127	7128	4
7128	7129	3
7129	7130	4
6152	6153	24
16582	35111	15
16582	31913	23
7133	7134	4
7132	7134	5
16586	16587	2
16587	16592	3
16590	16591	3
16591	33099	3
16592	16593	3
16590	16593	3
35542	35545	71
35542	35543	71
4264	35543	4
35544	35547	71
35544	35545	72
35546	35549	70
35546	35547	70
35548	35549	71
24491	24492	2
16603	16604	2
35550	35551	21
35552	35553	22
35550	35553	22
35552	35554	22
14785	35554	8
7163	7164	71
16622	16623	7
16623	16624	6
16624	16625	4
7173	7174	42
7171	7174	41
7175	7176	41
7173	7176	39
7178	7179	39
7179	12646	39
16630	16631	12
16631	16632	13
16632	16633	12
16635	16636	17
16636	16637	11
16630	16637	13
16638	16645	2
16638	16639	2
16640	16641	2
24725	24728	2
18653	18654	3
26086	26087	2
26087	26088	2
23324	23325	2
16660	16661	2
16661	16662	2
28670	28671	69
16663	16664	4
16664	16665	3
16665	24868	4
16667	16668	4
16668	16669	2
16670	16671	3
16671	16672	4
7207	7208	4
7208	7209	5
7209	7210	4
35569	35572	4
35569	35570	2
35571	35572	4
35573	35576	4
35573	35574	3
35570	35575	2
35574	35579	4
35579	35580	3
16683	16684	32
15163	15164	3
16685	16686	31
16683	16686	3
16685	16687	30
16701	25056	12
16703	25056	12
16703	16704	14
7237	13881	2
7239	7240	2
7234	7241	2
29984	29985	2
26138	26139	70
10501	26139	70
26140	26141	69
10493	26141	70
16553	26142	23
26142	26143	73
4741	27669	12
26348	27669	11
26140	26143	71
29984	29987	2
25239	25240	2
15888	25240	2
16723	16724	10
16724	33465	9
16727	16728	11
16728	19140	6
16729	16730	9
16723	16730	12
26152	26154	2
26153	26154	3
18227	24590	2
27669	27673	12
29732	29988	3
15986	26191	13
18488	18489	70
7273	25407	3
26212	26213	2
26213	26214	2
3637	21620	13
20704	35726	14
2525	26216	6
16761	16762	2
18714	27969	2
6046	16766	44
16770	16771	9
35754	35755	2
26220	26223	21
26220	26221	22
26222	26225	22
26222	26223	21
26226	26227	20
26230	26231	2
26232	26233	2
2234	25647	43
10442	10443	13
1134	11969	35
22247	26241	6
7306	7307	33
5252	7311	11
26256	26257	2
35777	35778	12
35777	35780	14
35781	35782	11
35779	35782	16
35783	35784	15
35781	35784	12
35787	35788	16
21911	35788	15
16901	26283	7
26286	26287	2
16847	16852	11
16847	16848	13
16849	16856	11
16849	16850	14
16850	16851	14
16851	16852	13
16853	36677	2
16853	16854	13
16854	16855	14
16855	16856	12
14784	16856	2
16553	35826	23
35825	35826	70
7404	7411	2
7405	7406	2
7410	7411	3
13238	35844	2
26308	36101	2
26309	32574	33
34275	34276	11
20391	34276	13
4061	35850	6
25025	26273	6
25003	26274	8
26316	26318	3
25025	26283	6
34281	34282	11
7449	7450	23
7449	24207	4
7450	7451	22
7451	7452	24
7452	7453	19
7453	7454	21
7431	7454	27
7431	12278	8
7431	17070	3
7431	10021	36
7431	14785	13
7456	7457	2
23280	26336	7
2652	26336	4
26340	26341	5
26341	26342	6
26342	26343	4
26343	26344	5
26344	26345	7
26345	26346	5
16287	22467	31
6077	6091	42
14558	16922	22
16929	34355	48
26346	26347	4
23280	26347	5
26354	26963	2
10979	26359	2
26366	26367	2
35885	35886	20
35887	35888	19
35889	35892	22
35889	35890	21
35886	35891	23
35891	35892	15
23361	35896	54
9501	35906	53
16943	35110	2
9546	16943	22
16944	26596	42
21324	26596	39
16946	16947	36
16947	16948	38
16948	16949	40
16944	16949	39
16950	16951	41
16951	26615	18
16946	16953	42
35930	35931	8
35930	35933	6
35934	35937	8
26417	26418	3
12367	26418	3
26419	26420	3
26417	26420	3
26421	29675	2
35946	35947	4
26425	26426	3
26423	26426	4
16972	16973	12
16970	16973	5
16974	16975	10
16972	16975	10
16980	16983	2
16981	16982	2
16983	16984	2
16981	16984	2
16192	26036	12
26036	28286	10
26432	26433	2
7507	7512	10
7507	7508	8
7509	31210	11
32277	36484	53
27752	27753	3
24947	24948	2
17201	17203	72
26925	26926	72
17201	26926	70
6334	26445	2
26925	26928	69
26927	26931	70
18531	18532	10
26450	26451	2
35995	35996	5
35999	36000	4
26465	26466	3
8080	26467	2
13481	16551	13
9873	13481	52
26487	26488	2
26488	26489	2
36020	36023	2
36020	36021	2
36022	36023	2
36021	36025	2
13059	17035	47
5158	5159	9
5159	5164	12
4140	17041	24
17041	17042	21
36045	37344	5
2783	2786	3
36046	36047	2
5162	5163	11
26540	26541	2
30283	32592	8
27422	27447	4
32592	32593	6
17067	17068	3
7610	32593	5
17072	17073	3
19394	19452	68
7610	7613	7
6266	6267	4
30299	30378	30
7613	32596	6
29138	30308	32
5163	5166	10
7619	27659	55
7619	28204	53
7619	7622	69
32596	32597	6
11533	19452	69
17077	17078	2
32597	32598	5
11479	19497	71
5164	5165	7
2624	24184	3
15246	15249	3
26575	26583	13
8555	26575	13
7637	7638	10
7638	21889	8
8564	8566	10
8566	8568	9
8568	21821	9
7637	21821	10
8572	32254	9
26582	26583	12
8576	8577	10
8564	8577	13
27752	36070	3
26	29	11
2900	2901	11
21886	21887	8
9001	33251	2
17114	27685	10
17118	27685	10
17116	17117	10
17117	17122	9
17118	27699	9
17116	27699	11
17120	17121	10
2435	17121	13
17122	17123	11
17120	17123	11
26599	26600	2
2904	2905	15
2905	8555	13
2906	2907	11
2904	2907	12
2908	17145	14
21892	21893	8
16953	26615	39
2908	2911	13
21568	24979	44
5885	24979	22
7688	7689	13
7689	7690	9
7690	7691	9
7691	7700	9
7692	7693	11
7693	7694	10
7694	7695	10
7688	7695	9
7700	7701	11
7701	7940	9
15289	15290	4
7717	7718	15
7718	7719	16
7719	7720	13
7715	7720	12
7722	7723	12
7723	7724	14
7717	7724	13
26634	26635	25
26635	26636	22
26636	26637	22
26638	33542	52
1003	26638	2
26638	27174	4
26638	32952	4
16859	26638	4
26638	26639	21
26640	26641	15
26637	26642	22
26642	26643	21
7728	7731	3
7728	7729	2
7730	7733	2
7730	7731	2
7732	7735	2
7732	7733	2
7734	7737	2
7734	7735	5
7736	13261	3
7736	7737	2
7738	7741	6
7738	7739	5
7739	25868	2
7740	7743	8
7740	7741	6
7742	7745	6
7742	7743	6
7744	9110	6
7744	7745	7
9107	33456	8
9107	9110	6
7753	22454	5
6718	7753	2
15274	15275	10
12887	36101	2
29385	31925	5
11971	31925	4
7783	9206	5
7783	9209	4
9209	29423	5
29385	29423	5
7786	29433	5
7788	29433	4
7788	7789	2
7789	9206	5
17226	17227	5
17227	17228	8
17228	17229	7
17229	17230	6
17230	17231	8
17231	17232	7
17232	17233	6
17233	17234	8
17234	17235	5
17235	21622	6
2353	17235	7
6475	36119	23
6111	6118	12
15289	17243	6
26686	26687	71
22683	26687	70
26688	26689	71
26686	26689	70
23362	26690	64
26690	26691	68
26692	36641	2
26690	26693	33
18593	18594	5
18594	18595	7
32795	36137	12
18596	18597	6
17258	17259	13
11349	18597	4
18597	18598	7
17262	17263	10
17260	17263	8
18598	18599	8
3349	3356	22
7831	18204	15
7831	7833	18
18599	18600	6
7832	7835	22
7832	7833	20
7834	7837	24
7834	7835	21
7836	29526	20
7836	7837	22
18601	18602	6
7839	12368	26
28	29	11
26701	26702	2
9433	26703	2
26709	26710	2
9478	12365	13
9481	9493	14
9481	12365	13
9490	9495	10
9490	9493	13
9479	26737	13
26737	26738	15
17304	34328	23
17305	17306	6
17306	17307	7
17307	17308	6
26423	26424	3
26740	26741	2
7856	21992	2
4456	7857	9
26744	26745	2
26745	26746	2
17331	17332	39
17333	28689	40
17333	17334	36
17335	28678	40
17335	28689	38
17334	24724	42
26748	26749	30
9649	26749	32
22241	26750	29
9633	26753	31
26750	26753	32
23326	26754	19
26754	26755	28
9633	26755	32
9649	9653	32
9653	26754	30
566	576	5
576	28745	3
18612	24169	17
26758	26761	32
26758	26759	30
4484	26760	34
26760	26761	31
26762	26764	30
13284	28746	5
26759	26763	30
26763	26764	33
26765	26766	6
26766	26767	5
26767	26768	7
26768	26773	6
36224	36226	2
26770	26771	4
26771	26772	4
26765	26772	6
9718	26773	4
9718	12674	5
7875	7876	6
7878	7879	5
7875	7881	7
7882	7883	10
7885	7887	2
7886	9758	2
31456	36231	2
17363	17371	8
17363	17364	10
11707	26785	43
17366	28947	11
3450	28949	8
28949	28950	11
17370	28952	10
17370	17371	10
17372	28947	11
7910	9834	41
7911	9833	2
7914	30922	2
7918	7919	2
12835	12836	9
30	131	9
17394	17395	2
26851	26852	2
7509	7510	10
33628	36284	44
7510	7511	8
8779	8780	21
7511	7512	11
25366	25373	7
26858	33542	15
22778	26858	17
7940	7941	9
7942	7943	2
17425	17428	2
17427	17430	2
18313	34433	7
25368	25369	5
17438	17441	10
17438	17439	10
17440	17443	8
17440	17441	8
17442	17445	10
17442	17443	8
29364	29365	2
2127	17446	9
17446	17447	11
1003	25331	22
25371	25372	4
4264	17203	57
26927	26928	69
26688	26691	71
18311	34433	6
26934	26956	3
17490	17497	19
17490	29526	18
17494	17501	20
17494	29533	21
17496	29533	20
17496	17497	15
6345	17498	27
17498	29539	23
17500	29539	24
17500	17501	22
17502	17503	9
17503	17510	11
12544	24982	7
12544	33673	6
17502	17505	10
17506	17507	11
17504	17507	9
17508	17509	12
17506	17509	12
29073	29074	72
17510	17511	9
17113	17511	10
10870	36372	4
36372	36373	5
29572	29573	4
29573	29574	3
15515	29574	4
29074	29075	71
26956	26957	2
26957	29577	2
17521	17522	2
17522	17523	4
17523	17524	2
17524	17525	2
17526	34802	4
7119	30758	6
18595	18596	5
26966	28283	10
10810	26966	8
10810	10811	11
10811	26969	12
10812	26970	10
10812	26972	9
17539	29685	5
5066	17539	18
17539	25055	15
26969	26975	11
26983	26991	69
26983	26984	70
36402	36403	24
11804	36402	56
36403	36404	23
36405	36406	21
5474	36405	16
36406	36407	21
36407	36408	22
36408	36409	24
36409	36410	24
36410	36411	20
33543	36411	20
26997	29561	20
26997	32291	12
5611	27007	46
17578	17579	13
1325	17581	8
17581	17586	6
6112	17583	2
17584	17585	12
17578	17585	13
17586	17587	13
17584	17587	10
508	10985	7
8002	8003	7
8004	8005	7
8006	8009	7
7999	8008	9
8008	8009	8
17597	21971	4
17597	17598	3
17601	17608	2
17601	17602	4
17602	17603	3
17603	17604	2
17598	17605	3
17605	17606	2
17607	17608	3
27018	27019	12
27019	27022	12
15906	15907	2
27021	27026	13
27022	27023	13
4745	18602	8
27024	27025	13
4734	27025	13
34804	34805	2
11180	11181	5
11181	27034	6
27033	27038	7
27034	27035	6
8030	8033	2
27036	27037	7
12928	27037	6
27038	27039	6
27036	27039	7
17647	17648	10
17649	17650	14
17647	17650	15
17652	32797	14
17653	17654	14
17651	17654	15
8037	8038	2
8037	16268	4
8037	30989	2
17657	17658	12
17649	17658	15
2906	17145	12
8053	31564	43
5025	5028	2
29503	36486	22
17674	17675	5
17675	17676	5
17676	17677	5
17672	17677	3
17678	17679	6
17679	17680	6
17680	17681	4
17682	17931	2
36490	36491	3
36492	36493	2
27054	27055	27
4553	17686	47
220	36502	3
8235	8236	2
27059	27066	2
27059	27060	2
27064	27065	2
27065	27066	2
27068	27071	2
27070	27071	2
7233	23786	2
19018	19019	2
9597	9607	3
9607	11676	3
9619	21641	4
9597	21641	3
9645	11674	4
11674	31852	3
9645	9668	3
5016	17730	22
703	17730	13
17735	17736	21
17736	30575	21
17737	30576	6
36542	36543	6
22740	36543	6
36544	36545	6
17741	17746	6
36546	36547	7
36544	36547	6
17744	17745	7
17737	17745	7
17744	17747	7
12920	17748	33
27084	27092	28
27084	27085	31
27085	27086	32
27086	27087	32
27087	27088	32
27088	27089	31
27089	27090	31
27090	27091	32
10809	20804	2
3200	27092	17
7889	23818	8
17765	17773	5
17765	17766	5
17768	17771	6
17768	17769	9
13453	17770	4
17770	17771	6
17772	35119	6
17772	17773	5
17769	17774	6
17774	35119	4
27108	27109	2
1327	1328	13
1328	1329	15
17797	17798	9
1330	1331	13
17800	17805	10
17801	17802	7
1331	6119	14
17803	17804	9
17803	17806	10
7171	7172	40
22447	22450	2
20093	37064	13
17811	17812	2
17813	17814	2
17811	17814	2
17815	17816	2
17813	17816	2
17815	17818	2
17819	17820	2
17817	17820	2
7169	7172	39
19889	19890	13
18467	31111	2
8937	31111	5
4029	31111	8
22204	22205	21
22449	24152	3
6132	6133	13
17210	36579	15
12920	36582	17
27150	27151	8
26340	27151	2
27152	27153	3
27154	27155	5
27152	27155	5
27156	27157	5
23216	27157	5
27158	27159	5
27156	27159	5
17845	17851	38
17845	17846	39
17846	17847	43
17847	17848	39
17848	17849	3
17849	30157	3
17849	29260	53
17849	17850	41
17850	17851	40
6138	6139	13
16084	33492	2
36592	36593	10
36594	36597	12
36594	36595	9
36596	36599	10
36596	36597	8
11995	36598	17
17868	17871	11
17868	17869	12
17870	17873	9
17870	17871	11
17872	17875	10
27173	27176	22
27173	27174	24
27175	37496	32
27175	27176	22
8223	8224	2
27179	27180	2
17887	17890	2
18254	18255	2
36616	36617	20
22971	28951	4
8237	8238	2
8239	8240	2
8237	8240	2
8241	8242	2
8239	8242	2
8243	8244	2
8241	8244	2
17899	17900	4
17900	17901	3
17901	20969	2
17910	34459	3
13907	13910	71
1355	1356	31
27211	27225	44
27211	27212	43
12644	27212	15
29632	29633	5
12415	27218	41
27218	27219	44
27219	27220	44
27220	27221	42
27221	27222	41
27222	27223	43
27223	27224	40
27224	27225	45
2149	12596	9
3583	12596	11
28106	28107	32
2258	11500	8
11500	12621	11
11591	12621	12
11591	12623	11
12623	12625	10
12625	12627	10
2149	12627	11
36637	36638	2
12750	27241	10
17910	17911	3
15372	17911	3
22223	27242	68
13909	13911	71
27246	27247	3
4663	27248	71
31576	36645	22
36644	36645	20
13909	13910	70
13907	13908	71
4666	4667	71
15394	15395	32
31631	31632	2
8276	8277	3
27276	32758	49
12529	27276	18
8290	8291	6
8291	22607	7
3060	8293	40
8294	8295	5
8295	8296	8
27287	27288	11
27289	27290	14
27290	27291	14
27291	27292	15
27292	27293	16
27293	27294	11
27294	27295	13
27295	27296	13
10521	27296	10
8092	8102	33
8102	8104	30
8104	31770	33
31770	31771	30
31771	31773	32
31773	31779	32
31779	31784	28
31784	31786	32
31786	31792	32
31687	31792	30
17961	32270	2
13905	13908	70
13908	34386	29
27308	27312	4
27312	27313	5
36706	36709	4
36706	36707	3
36708	36710	3
36708	36709	2
27331	33298	46
12911	36719	12
36727	36728	2
36729	36730	7
36730	36739	8
36735	36736	6
36736	36737	7
29557	36736	2
36737	36738	6
14736	36738	7
18602	36738	4
36739	36740	6
36740	36741	7
36741	36742	6
36735	36742	6
17974	17975	2
17976	17977	2
27336	27337	11
27337	27338	11
27338	27339	12
3693	27339	18
27340	27341	15
27342	27343	13
27344	27345	14
23746	23747	2
27425	36751	5
30647	36754	16
18003	18004	2
18004	18005	3
18005	18006	2
11025	36557	3
11018	36557	2
11024	11041	5
27384	27385	2
27386	27387	2
8384	8385	2
18056	30753	44
27400	27401	2
8396	17941	2
32532	36806	6
36806	36807	8
36808	36809	7
36810	36811	9
36812	36815	7
36812	36813	7
36809	36814	6
8411	8412	3
8415	8416	3
8416	22519	4
8417	8418	2
8419	8420	3
8417	8420	3
8421	8422	2
8423	8424	3
8421	8424	3
18070	32821	11
13754	30312	7
8435	13754	2
27422	27423	3
36170	36833	19
5572	36833	23
3753	27428	16
23237	27428	14
27432	27433	7
13810	13811	3
27437	27438	8
13814	13825	4
13814	13816	3
13821	13823	3
13823	13824	3
9328	30695	24
8438	8441	2
12304	12309	3
17071	17072	2
27451	27452	2
13403	27452	2
27453	27454	4
27451	27454	3
27455	27456	2
27453	27456	4
27457	27458	4
27455	27458	4
13854	27460	5
27457	27460	5
18096	30695	23
10228	10229	5
10229	22220	2
16943	32722	46
10229	10230	4
30299	30308	30
8460	8463	2
8464	8465	3
29138	30337	29
10230	10231	5
4695	4696	2
7620	15850	12
7620	22052	12
36862	36863	2
36863	36864	2
36864	36865	2
36865	36866	2
36866	36867	2
36867	36868	2
36868	36869	2
36869	36870	2
36870	36871	2
3473	36871	2
7621	7622	69
10231	10232	4
18133	18134	2
18135	32870	2
10232	10233	5
12622	12630	6
9136	18152	6
9138	9139	6
27518	30554	9
27520	30554	10
14094	14095	9
14095	14097	10
23504	27519	5
27526	27527	8
12164	27527	10
15443	15444	7
10234	10235	6
36893	36894	2
27533	27534	2
14188	27536	3
27536	27537	3
27537	27538	4
27538	27539	3
23509	23510	6
24654	27248	68
8490	8504	3
8516	8517	3
8521	8522	3
8523	32322	2
8525	8528	3
8525	8526	3
8522	8527	4
8527	8528	2
21571	27560	43
8530	8537	9
8530	8531	8
8531	8532	9
8532	8533	10
8534	8535	9
8535	8536	10
8536	8537	11
8533	8539	10
8539	8540	11
7833	18204	2
27579	27582	2
27579	27580	2
27585	27587	2
4666	27249	70
33465	33466	10
36960	36967	4
22737	22741	6
9870	33729	13
21230	27600	2
9870	9871	14
13271	18244	45
26578	26581	13
26578	26579	13
12527	26580	13
26580	26581	12
27310	27313	2
26582	26585	10
18246	18247	3
17379	18516	2
26579	26584	11
18251	18252	3
26584	26585	13
27610	30194	17
27610	27611	12
27310	27311	3
27612	27615	12
27612	27613	13
27614	27617	14
27614	27615	12
27616	27619	13
27616	27617	13
27611	27618	14
27618	27619	14
12786	12789	71
36404	36405	22
12278	37016	2
37021	37022	2
37022	37023	3
37023	37024	3
37025	37026	4
37026	37027	4
37027	37028	5
14993	14995	2
14997	27653	2
13615	37029	3
37029	37030	4
12354	27659	3
27659	37333	2
16497	25655	3
4739	27663	12
7621	12161	70
8616	8629	2
8615	8618	2
8617	8620	2
8621	8622	2
8623	8624	12
8624	8625	12
8625	8626	13
8626	29982	11
8627	8628	14
8628	15083	11
27676	27677	2
4736	36088	13
8637	22778	7
8643	8644	7
8644	32482	6
8643	8646	7
8647	8648	7
8647	18602	3
8645	8648	8
8647	8649	3
8647	8650	7
8649	8650	11
8651	8652	5
8649	8652	7
8656	8657	2
15151	27689	18
15151	15152	20
27688	27689	22
27691	27692	3
27692	27693	3
27693	27694	3
27694	27695	3
27695	27696	2
27696	27697	4
37074	37077	2
37076	37077	2
37078	37079	2
37075	37080	2
8664	23372	3
24747	27242	70
27711	27714	71
27711	27712	71
27713	27714	69
27715	27718	70
27715	27716	68
27712	27717	70
27717	27718	69
27716	27719	70
27719	27720	72
3097	3100	8
8673	8680	2
8677	8678	2
3099	30214	6
8682	8683	2
4753	4754	7
3099	3100	5
3101	30214	4
12172	27742	76
5229	27742	40
7010	27742	12
5107	27742	31
18083	27742	57
15352	27746	3
15352	27964	2
11221	27748	2
11221	27746	4
34428	34435	8
15367	27748	3
18314	33388	20
7878	22092	7
15372	36070	3
8270	27765	40
28642	34524	53
37138	37139	2
3066	27771	15
23320	37152	2
25153	37156	2
37151	37156	2
27783	27784	4
27784	27793	3
27785	27786	3
27783	27786	2
27787	27788	3
27785	27788	3
27789	27790	3
27787	27790	5
27794	27795	22
27795	27796	21
27796	27797	23
4080	27797	19
27794	27798	21
8953	32790	3
37173	37174	4
37176	37177	11
37177	37178	10
37180	37181	11
37181	37182	12
4188	8741	7
32789	32794	9
9325	22410	7
8775	8776	22
5826	5827	2
8778	8779	23
18367	18368	42
1423	18368	41
1423	1428	41
18372	34885	43
18372	34886	41
34886	34887	43
34887	34888	44
34888	34889	41
32240	34889	42
8268	32730	2
8788	8789	21
31202	31203	30
8795	8796	2
8796	8803	2
8797	8798	2
8795	8798	2
8799	8800	2
8797	8800	2
8801	8802	2
8799	8802	2
8803	8804	2
8804	13092	2
35074	36899	36
15854	37227	52
7010	20803	3
7010	13906	43
27895	27896	69
27896	27897	69
27897	27898	71
27898	27899	71
3988	8845	3
8845	28286	8
29346	37261	10
37262	37263	2
37265	37266	2
23021	33710	4
32729	32730	2
18423	18424	2
18426	18427	2
36896	37272	3
8867	18737	17
35374	35375	2
27914	27915	29
27332	27915	18
22088	22089	9
18444	18445	3
18453	35463	2
18451	35463	2
18456	18457	2
8895	8896	2
8897	8898	2
8896	8899	2
8899	8900	2
6268	6269	4
8369	14240	16
6271	6272	5
18469	18470	13
18470	18475	13
18471	18472	12
18469	18472	13
18473	18474	12
4632	18474	13
18475	18476	12
18473	18476	13
18477	18478	13
18471	18478	14
32814	32815	23
27957	27958	3
27958	27959	2
27963	27964	4
4969	4970	7
18484	18489	71
18484	18485	69
18486	18493	70
18487	18488	70
4292	8931	4
8931	25613	2
18490	18491	70
18491	18492	70
18492	18493	70
27968	27969	2
3904	8938	7
8938	30645	20
27970	27971	2
27968	27971	2
27972	27973	2
27970	27973	2
27972	27975	2
16772	27977	2
4986	27979	16
22388	32822	15
32822	32823	18
23575	23576	2
7912	9834	43
4971	4972	6
4969	4972	6
37331	37332	71
37330	37332	71
7010	37333	57
37333	37334	69
18083	37333	21
37331	37334	72
6282	6283	2
32814	32823	23
15537	15538	15
18517	18532	9
18517	18518	9
18519	18520	11
18520	18521	14
18522	18523	7
18523	18524	11
12986	18531	9
4696	4697	2
37337	37345	2
12413	37337	2
37339	37340	6
37341	37342	5
37339	37342	5
22119	22120	4
37344	37347	7
37343	37345	2
37346	37349	6
37346	37347	5
19553	37348	2
29049	37348	2
1677	37348	3
37348	37349	6
22122	22123	4
8979	8980	2
12418	25019	2
8985	8986	2
8997	8998	2
22436	22437	7
36088	36089	12
36089	36090	12
18580	36090	12
18580	18581	12
18581	18582	13
18582	18583	13
12421	18583	8
18583	18584	12
12421	18584	17
18584	18585	12
18585	18586	12
18586	32465	12
9005	9008	2
36035	36038	2
6724	13631	8
18591	18592	2
37364	37367	2
37368	37371	2
28056	28059	2
28060	28061	2
28058	28061	2
9018	9019	12
9019	9020	13
9020	9021	16
9021	9022	12
9022	9023	16
9023	9024	14
9024	9025	12
9025	23250	13
37372	37373	2
9028	9029	13
13632	13633	12
18619	18620	2
13633	37419	11
28063	28067	2
8024	8025	13
9055	9056	2
9057	9058	2
6730	13635	8
37375	37376	5
37376	37377	3
37377	37378	3
37378	37379	4
37380	37381	3
37382	37383	3
37383	37384	3
3131	37384	2
3538	28074	46
12434	12435	22
18647	18648	2
9073	9074	2
4292	28081	5
25613	28081	2
18652	18653	2
9075	9078	5
9081	9082	6
4264	37404	21
8434	37404	22
9083	9084	22
9084	9085	21
9085	17735	27
37419	37424	11
4029	9088	7
11788	18660	2
7786	18665	7
20490	29806	19
17874	17877	9
17738	17739	21
20489	20492	22
18673	18682	3
20493	20496	23
37438	37439	2
13713	37439	2
37440	37441	2
37441	37442	3
37442	37443	2
36620	37444	3
36622	37440	3
13706	20498	2
2462	18690	4
22306	22313	9
5229	17941	8
12452	12453	67
17962	30418	7
28132	28133	4
28139	28140	4
18707	18708	2
18708	23046	2
18710	18711	2
18711	18712	2
18712	18713	2
18707	18713	2
18714	18715	2
18716	18717	2
18710	18717	2
17297	18717	2
1364	1369	2
9128	9139	5
9128	9129	7
9548	23623	3
3821	9132	5
9132	9133	6
9133	9134	7
9134	9135	3
9135	9136	7
9137	34037	20
9138	18152	6
23624	23625	3
18742	18749	2
23625	23630	3
23626	23627	3
1533	1534	13
23624	23627	5
37493	37494	25
37494	37495	19
1534	1541	11
23628	23629	4
23622	23629	4
12026	28176	5
23628	23631	3
28180	28181	23
37509	37510	2
37511	37512	2
37524	37532	2
1539	9170	12
18779	18780	6
23916	37148	7
23916	32625	6
18785	18786	6
27720	37550	69
37550	37551	70
37551	37552	70
28204	34740	78
27659	28204	45
7990	28204	32
7010	28204	55
18083	28204	54
18802	18803	10
18803	18804	10
18806	18807	12
18808	18809	3
18809	18810	9
18810	23124	11
29018	29021	2
28214	28215	2
28212	28215	4
28214	28217	3
7921	9833	2
28221	35143	3
37573	37583	2
37323	37579	2
18831	35883	51
18600	18601	7
9218	9219	2
9219	9220	2
18847	28262	22
6996	28230	3
28231	28242	2
28242	29914	2
28244	28245	15
28245	28246	11
28246	28247	14
12882	28247	13
28248	28249	13
28249	28250	14
28250	28251	13
28244	28251	13
28252	28253	14
28248	28253	13
20527	20528	4
9230	9231	2
14335	18397	46
18836	18838	24
18838	18840	24
18840	18842	23
18842	18845	24
18845	18847	24
1550	18877	43
28262	28263	22
